simulation_id,event_id,stage,stage_order,stage_time_steps,electricity_shortage_probability_pct,curtailment_probability_pct,maximum_electricity_shortage_mw,maximum_curtailment_power_mw,energy_not_served_mwh,curtailed_energy_mwh
lankao_mc_001,lankao_typical_event_001,灾前准备,1,6,0.0,0.0,0.0,0.0,0.0,0.0
lankao_mc_001,lankao_typical_event_001,灾害冲击,2,6,33.33333333333333,0.0,0.9820980122893797,0.0,1.410068785998074,0.0
lankao_mc_001,lankao_typical_event_001,灾害持续,3,12,100.0,0.0,1.6252965545779716,0.0,14.283118763418793,0.0
lankao_mc_001,lankao_typical_event_001,灾后恢复,4,12,58.333333333333336,0.0,0.7158578262911274,0.0,1.845426849810285,0.0
lankao_mc_002,lankao_typical_event_001,灾前准备,1,6,0.0,0.0,0.0,0.0,0.0,0.0
lankao_mc_002,lankao_typical_event_001,灾害冲击,2,6,33.33333333333333,0.0,1.0310745863637358,0.0,1.452691305457368,0.0
lankao_mc_002,lankao_typical_event_001,灾害持续,3,12,100.0,0.0,1.411307421901408,0.0,12.366662147598868,0.0
lankao_mc_002,lankao_typical_event_001,灾后恢复,4,12,33.33333333333333,8.333333333333332,0.4412867616148058,0.10645268951225091,0.7611033389732834,0.10645268951225091
lankao_mc_003,lankao_typical_event_001,灾前准备,1,6,0.0,0.0,0.0,0.0,0.0,0.0
lankao_mc_003,lankao_typical_event_001,灾害冲击,2,6,50.0,0.0,1.1675967687798177,0.0,1.9972564315624906,0.0
lankao_mc_003,lankao_typical_event_001,灾害持续,3,12,100.0,0.0,1.5821703370584537,0.0,15.229791021089758,0.0
lankao_mc_003,lankao_typical_event_001,灾后恢复,4,12,58.333333333333336,0.0,0.5586320604979332,0.0,1.4364241697260458,0.0
lankao_mc_004,lankao_typical_event_001,灾前准备,1,6,0.0,0.0,0.0,0.0,0.0,0.0
lankao_mc_004,lankao_typical_event_001,灾害冲击,2,6,33.33333333333333,0.0,0.9234930681253259,0.0,1.1837303646253439,0.0
lankao_mc_004,lankao_typical_event_001,灾害持续,3,12,100.0,0.0,1.4549098736793085,0.0,13.66843995899496,0.0
lankao_mc_004,lankao_typical_event_001,灾后恢复,4,12,33.33333333333333,0.0,0.5481107237270945,0.0,1.2725226464250508,0.0
lankao_mc_005,lankao_typical_event_001,灾前准备,1,6,0.0,0.0,0.0,0.0,0.0,0.0
lankao_mc_005,lankao_typical_event_001,灾害冲击,2,6,50.0,0.0,0.927430863699098,0.0,1.4629034033597141,0.0
lankao_mc_005,lankao_typical_event_001,灾害持续,3,12,100.0,0.0,1.6382248892285225,0.0,14.105434047153858,0.0
lankao_mc_005,lankao_typical_event_001,灾后恢复,4,12,58.333333333333336,0.0,0.5237826647249774,0.0,1.2917705642585573,0.0
lankao_mc_006,lankao_typical_event_001,灾前准备,1,6,0.0,0.0,0.0,0.0,0.0,0.0
lankao_mc_006,lankao_typical_event_001,灾害冲击,2,6,50.0,0.0,1.215060896492501,0.0,2.315278552933292,0.0
lankao_mc_006,lankao_typical_event_001,灾害持续,3,12,100.0,0.0,1.7501881628523162,0.0,17.033976831653654,0.0
lankao_mc_006,lankao_typical_event_001,灾后恢复,4,12,58.333333333333336,0.0,0.7289333076867137,0.0,2.4013106989682407,0.0
lankao_mc_007,lankao_typical_event_001,灾前准备,1,6,0.0,0.0,0.0,0.0,0.0,0.0
lankao_mc_007,lankao_typical_event_001,灾害冲击,2,6,50.0,0.0,0.8664167848829937,0.0,1.4625924605059484,0.0
lankao_mc_007,lankao_typical_event_001,灾害持续,3,12,100.0,0.0,1.5283554007363578,0.0,14.099890569885396,0.0
lankao_mc_007,lankao_typical_event_001,灾后恢复,4,12,16.666666666666664,0.0,0.44729718102784705,0.0,0.6856988097692956,0.0
lankao_mc_008,lankao_typical_event_001,灾前准备,1,6,0.0,0.0,0.0,0.0,0.0,0.0
lankao_mc_008,lankao_typical_event_001,灾害冲击,2,6,50.0,0.0,1.0362256750708403,0.0,1.7163700545957263,0.0
lankao_mc_008,lankao_typical_event_001,灾害持续,3,12,100.0,0.0,1.4671156931509846,0.0,13.480411435522262,0.0
lankao_mc_008,lankao_typical_event_001,灾后恢复,4,12,25.0,0.0,0.33827620877709913,0.0,0.5461799320900794,0.0
lankao_mc_009,lankao_typical_event_001,灾前准备,1,6,0.0,0.0,0.0,0.0,0.0,0.0
lankao_mc_009,lankao_typical_event_001,灾害冲击,2,6,50.0,0.0,1.0353007098791471,0.0,1.624840623654535,0.0
lankao_mc_009,lankao_typical_event_001,灾害持续,3,12,100.0,0.0,1.6208097182782195,0.0,14.809291212590356,0.0
lankao_mc_009,lankao_typical_event_001,灾后恢复,4,12,25.0,8.333333333333332,0.521876908233012,0.026813331936020576,0.9924481479873549,0.026813331936020576
lankao_mc_010,lankao_typical_event_001,灾前准备,1,6,0.0,0.0,0.0,0.0,0.0,0.0
lankao_mc_010,lankao_typical_event_001,灾害冲击,2,6,50.0,0.0,1.173533258943928,0.0,1.7659424534321466,0.0
lankao_mc_010,lankao_typical_event_001,灾害持续,3,12,100.0,0.0,1.5793106821224465,0.0,15.061889386388309,0.0
lankao_mc_010,lankao_typical_event_001,灾后恢复,4,12,58.333333333333336,0.0,0.5351438119305754,0.0,1.30887591179089,0.0
lankao_mc_011,lankao_typical_event_001,灾前准备,1,6,0.0,0.0,0.0,0.0,0.0,0.0
lankao_mc_011,lankao_typical_event_001,灾害冲击,2,6,33.33333333333333,0.0,0.9227586601453904,0.0,1.181156214592676,0.0
lankao_mc_011,lankao_typical_event_001,灾害持续,3,12,100.0,0.0,1.598666188116084,0.0,13.716500779043997,0.0
lankao_mc_011,lankao_typical_event_001,灾后恢复,4,12,50.0,8.333333333333332,0.500627157805613,0.18619350808959997,0.9629753642130431,0.18619350808959997
lankao_mc_012,lankao_typical_event_001,灾前准备,1,6,0.0,0.0,0.0,0.0,0.0,0.0
lankao_mc_012,lankao_typical_event_001,灾害冲击,2,6,33.33333333333333,0.0,0.8652868359406911,0.0,1.2233383698251188,0.0
lankao_mc_012,lankao_typical_event_001,灾害持续,3,12,100.0,0.0,1.4805166567160095,0.0,12.220579334885805,0.0
lankao_mc_012,lankao_typical_event_001,灾后恢复,4,12,50.0,0.0,0.49745592988732024,0.0,1.0883918232284708,0.0
lankao_mc_013,lankao_typical_event_001,灾前准备,1,6,0.0,0.0,0.0,0.0,0.0,0.0
lankao_mc_013,lankao_typical_event_001,灾害冲击,2,6,33.33333333333333,0.0,0.8264473822315598,0.0,0.9628551651233996,0.0
lankao_mc_013,lankao_typical_event_001,灾害持续,3,12,100.0,0.0,1.310862894333245,0.0,11.422669895163358,0.0
lankao_mc_013,lankao_typical_event_001,灾后恢复,4,12,50.0,0.0,0.5321754312384247,0.0,1.0239572675969397,0.0
lankao_mc_014,lankao_typical_event_001,灾前准备,1,6,0.0,0.0,0.0,0.0,0.0,0.0
lankao_mc_014,lankao_typical_event_001,灾害冲击,2,6,16.666666666666664,0.0,0.6442506303096402,0.0,0.6442506303096402,0.0
lankao_mc_014,lankao_typical_event_001,灾害持续,3,12,100.0,0.0,1.3342444470305495,0.0,10.100122428814817,0.0
lankao_mc_014,lankao_typical_event_001,灾后恢复,4,12,33.33333333333333,8.333333333333332,0.41500611632803547,0.22406650031045777,0.7405717881209871,0.22406650031045777
lankao_mc_015,lankao_typical_event_001,灾前准备,1,6,0.0,0.0,0.0,0.0,0.0,0.0
lankao_mc_015,lankao_typical_event_001,灾害冲击,2,6,50.0,0.0,1.0604194179419029,0.0,1.6653157528407392,0.0
lankao_mc_015,lankao_typical_event_001,灾害持续,3,12,100.0,0.0,1.5068992414233504,0.0,14.537895641286875,0.0
lankao_mc_015,lankao_typical_event_001,灾后恢复,4,12,33.33333333333333,0.0,0.6589016308112179,0.0,1.1791139692548678,0.0
lankao_mc_016,lankao_typical_event_001,灾前准备,1,6,0.0,0.0,0.0,0.0,0.0,0.0
lankao_mc_016,lankao_typical_event_001,灾害冲击,2,6,33.33333333333333,0.0,0.976357212068029,0.0,1.2995937711827559,0.0
lankao_mc_016,lankao_typical_event_001,灾害持续,3,12,100.0,0.0,1.5096313171843379,0.0,13.751463137081528,0.0
lankao_mc_016,lankao_typical_event_001,灾后恢复,4,12,50.0,0.0,0.6091574206694175,0.0,1.4423113685148599,0.0
lankao_mc_017,lankao_typical_event_001,灾前准备,1,6,0.0,0.0,0.0,0.0,0.0,0.0
lankao_mc_017,lankao_typical_event_001,灾害冲击,2,6,33.33333333333333,0.0,0.6453747691675458,0.0,0.9672666203616254,0.0
lankao_mc_017,lankao_typical_event_001,灾害持续,3,12,100.0,0.0,1.36015647874467,0.0,10.944491179327672,0.0
lankao_mc_017,lankao_typical_event_001,灾后恢复,4,12,16.666666666666664,0.0,0.3526379857963697,0.0,0.4579369618512743,0.0
lankao_mc_018,lankao_typical_event_001,灾前准备,1,6,0.0,0.0,0.0,0.0,0.0,0.0
lankao_mc_018,lankao_typical_event_001,灾害冲击,2,6,50.0,0.0,0.9305463184526138,0.0,1.3846267199737377,0.0
lankao_mc_018,lankao_typical_event_001,灾害持续,3,12,100.0,0.0,1.5987636658169475,0.0,13.105407065394477,0.0
lankao_mc_018,lankao_typical_event_001,灾后恢复,4,12,58.333333333333336,0.0,0.4937250529508168,0.0,1.254082050669209,0.0
lankao_mc_019,lankao_typical_event_001,灾前准备,1,6,0.0,0.0,0.0,0.0,0.0,0.0
lankao_mc_019,lankao_typical_event_001,灾害冲击,2,6,33.33333333333333,0.0,0.7628385381251112,0.0,0.9538567025099676,0.0
lankao_mc_019,lankao_typical_event_001,灾害持续,3,12,100.0,0.0,1.5446438114322905,0.0,12.905102893109035,0.0
lankao_mc_019,lankao_typical_event_001,灾后恢复,4,12,50.0,0.0,0.5832055745085486,0.0,1.3285320975683155,0.0
lankao_mc_020,lankao_typical_event_001,灾前准备,1,6,0.0,0.0,0.0,0.0,0.0,0.0
lankao_mc_020,lankao_typical_event_001,灾害冲击,2,6,16.666666666666664,0.0,0.5863084677531277,0.0,0.5863084677531277,0.0
lankao_mc_020,lankao_typical_event_001,灾害持续,3,12,100.0,0.0,1.382988167934739,0.0,11.100239311074102,0.0
lankao_mc_020,lankao_typical_event_001,灾后恢复,4,12,25.0,8.333333333333332,0.46186552075752546,0.30076556716175856,0.7425874489071754,0.30076556716175856
lankao_mc_021,lankao_typical_event_001,灾前准备,1,6,0.0,0.0,0.0,0.0,0.0,0.0
lankao_mc_021,lankao_typical_event_001,灾害冲击,2,6,50.0,0.0,1.242098028197757,0.0,2.1035198904256505,0.0
lankao_mc_021,lankao_typical_event_001,灾害持续,3,12,100.0,0.0,1.662895553768272,0.0,15.862335486581884,0.0
lankao_mc_021,lankao_typical_event_001,灾后恢复,4,12,58.333333333333336,0.0,0.5672537046449873,0.0,1.5351812683454742,0.0
lankao_mc_022,lankao_typical_event_001,灾前准备,1,6,0.0,0.0,0.0,0.0,0.0,0.0
lankao_mc_022,lankao_typical_event_001,灾害冲击,2,6,33.33333333333333,0.0,1.2084101460799783,0.0,1.6368982228085436,0.0
lankao_mc_022,lankao_typical_event_001,灾害持续,3,12,100.0,0.0,1.566843504277986,0.0,14.032501518948074,0.0
lankao_mc_022,lankao_typical_event_001,灾后恢复,4,12,33.33333333333333,8.333333333333332,0.5160818901149642,0.0985513958640022,1.02428572610963,0.0985513958640022
lankao_mc_023,lankao_typical_event_001,灾前准备,1,6,0.0,0.0,0.0,0.0,0.0,0.0
lankao_mc_023,lankao_typical_event_001,灾害冲击,2,6,50.0,0.0,0.9659091673978699,0.0,1.65066501964094,0.0
lankao_mc_023,lankao_typical_event_001,灾害持续,3,12,100.0,0.0,1.447490470801411,0.0,12.82152876679309,0.0
lankao_mc_023,lankao_typical_event_001,灾后恢复,4,12,25.0,0.0,0.45400348669061164,0.0,0.7123345408003615,0.0
lankao_mc_024,lankao_typical_event_001,灾前准备,1,6,0.0,0.0,0.0,0.0,0.0,0.0
lankao_mc_024,lankao_typical_event_001,灾害冲击,2,6,33.33333333333333,0.0,1.1970212371745352,0.0,1.656813564041685,0.0
lankao_mc_024,lankao_typical_event_001,灾害持续,3,12,100.0,0.0,1.6181808316921655,0.0,15.002835955090855,0.0
lankao_mc_024,lankao_typical_event_001,灾后恢复,4,12,41.66666666666667,0.0,0.607713706651286,0.0,1.3737453931518284,0.0
lankao_mc_025,lankao_typical_event_001,灾前准备,1,6,0.0,0.0,0.0,0.0,0.0,0.0
lankao_mc_025,lankao_typical_event_001,灾害冲击,2,6,33.33333333333333,0.0,0.7804691014871699,0.0,0.9136879210668504,0.0
lankao_mc_025,lankao_typical_event_001,灾害持续,3,12,100.0,0.0,1.5706315580702526,0.0,12.31649779052034,0.0
lankao_mc_025,lankao_typical_event_001,灾后恢复,4,12,33.33333333333333,8.333333333333332,0.45482727330154626,0.2079001739945229,0.858544760520478,0.2079001739945229
lankao_mc_026,lankao_typical_event_001,灾前准备,1,6,0.0,0.0,0.0,0.0,0.0,0.0
lankao_mc_026,lankao_typical_event_001,灾害冲击,2,6,33.33333333333333,0.0,0.9004572570237014,0.0,1.2994485540039535,0.0
lankao_mc_026,lankao_typical_event_001,灾害持续,3,12,100.0,0.0,1.6168427379380073,0.0,13.650206562785655,0.0
lankao_mc_026,lankao_typical_event_001,灾后恢复,4,12,58.333333333333336,0.0,0.5643606921685054,0.0,1.237308697738984,0.0
lankao_mc_027,lankao_typical_event_001,灾前准备,1,6,0.0,0.0,0.0,0.0,0.0,0.0
lankao_mc_027,lankao_typical_event_001,灾害冲击,2,6,33.33333333333333,0.0,0.9420424458864952,0.0,1.3253501340772613,0.0
lankao_mc_027,lankao_typical_event_001,灾害持续,3,12,100.0,0.0,1.4983985840354805,0.0,13.987539419691615,0.0
lankao_mc_027,lankao_typical_event_001,灾后恢复,4,12,33.33333333333333,0.0,0.5868016762885816,0.0,1.06416510592291,0.0
lankao_mc_028,lankao_typical_event_001,灾前准备,1,6,0.0,0.0,0.0,0.0,0.0,0.0
lankao_mc_028,lankao_typical_event_001,灾害冲击,2,6,50.0,0.0,1.177696171441063,0.0,1.9223181449772893,0.0
lankao_mc_028,lankao_typical_event_001,灾害持续,3,12,100.0,0.0,1.790261632295811,0.0,16.4433014826599,0.0
lankao_mc_028,lankao_typical_event_001,灾后恢复,4,12,58.333333333333336,0.0,0.7855574490291042,0.0,2.3579334469626256,0.0
lankao_mc_029,lankao_typical_event_001,灾前准备,1,6,0.0,0.0,0.0,0.0,0.0,0.0
lankao_mc_029,lankao_typical_event_001,灾害冲击,2,6,33.33333333333333,0.0,0.930928203204472,0.0,1.2146278570353746,0.0
lankao_mc_029,lankao_typical_event_001,灾害持续,3,12,100.0,0.0,1.3717798394844893,0.0,11.454634206340492,0.0
lankao_mc_029,lankao_typical_event_001,灾后恢复,4,12,16.666666666666664,0.0,0.32733751041981696,0.0,0.35322081314848847,0.0
lankao_mc_030,lankao_typical_event_001,灾前准备,1,6,0.0,0.0,0.0,0.0,0.0,0.0
lankao_mc_030,lankao_typical_event_001,灾害冲击,2,6,50.0,0.0,1.188093728993997,0.0,2.3136733699251595,0.0
lankao_mc_030,lankao_typical_event_001,灾害持续,3,12,100.0,0.0,1.6035036740011857,0.0,15.248170337808254,0.0
lankao_mc_030,lankao_typical_event_001,灾后恢复,4,12,41.66666666666667,0.0,0.5577137937815375,0.0,0.979018633122966,0.0
lankao_mc_031,lankao_typical_event_001,灾前准备,1,6,0.0,0.0,0.0,0.0,0.0,0.0
lankao_mc_031,lankao_typical_event_001,灾害冲击,2,6,33.33333333333333,0.0,0.9207814793338234,0.0,1.168656675884876,0.0
lankao_mc_031,lankao_typical_event_001,灾害持续,3,12,100.0,0.0,1.8576522370744344,0.0,15.9571973451399,0.0
lankao_mc_031,lankao_typical_event_001,灾后恢复,4,12,50.0,0.0,0.6472551809925806,0.0,1.3381121565083542,0.0
lankao_mc_032,lankao_typical_event_001,灾前准备,1,6,0.0,0.0,0.0,0.0,0.0,0.0
lankao_mc_032,lankao_typical_event_001,灾害冲击,2,6,33.33333333333333,0.0,0.7642910169515488,0.0,1.0312056283148765,0.0
lankao_mc_032,lankao_typical_event_001,灾害持续,3,12,100.0,0.0,1.4509640579702658,0.0,11.589306202449805,0.0
lankao_mc_032,lankao_typical_event_001,灾后恢复,4,12,25.0,0.0,0.31589648601116016,0.0,0.45967594437709475,0.0
lankao_mc_033,lankao_typical_event_001,灾前准备,1,6,0.0,0.0,0.0,0.0,0.0,0.0
lankao_mc_033,lankao_typical_event_001,灾害冲击,2,6,33.33333333333333,0.0,0.8219071843836386,0.0,1.2275337565252453,0.0
lankao_mc_033,lankao_typical_event_001,灾害持续,3,12,100.0,0.0,1.3390058186946021,0.0,11.899684079653523,0.0
lankao_mc_033,lankao_typical_event_001,灾后恢复,4,12,33.33333333333333,0.0,0.5792398704104137,0.0,1.0761532924822514,0.0
lankao_mc_034,lankao_typical_event_001,灾前准备,1,6,0.0,0.0,0.0,0.0,0.0,0.0
lankao_mc_034,lankao_typical_event_001,灾害冲击,2,6,33.33333333333333,0.0,0.7607458232260814,0.0,1.249876152597788,0.0
lankao_mc_034,lankao_typical_event_001,灾害持续,3,12,100.0,0.0,1.5500189617265034,0.0,13.093100978481319,0.0
lankao_mc_034,lankao_typical_event_001,灾后恢复,4,12,50.0,0.0,0.5904162223117863,0.0,1.4400292223149467,0.0
lankao_mc_035,lankao_typical_event_001,灾前准备,1,6,0.0,0.0,0.0,0.0,0.0,0.0
lankao_mc_035,lankao_typical_event_001,灾害冲击,2,6,16.666666666666664,0.0,0.371997838418489,0.0,0.371997838418489,0.0
lankao_mc_035,lankao_typical_event_001,灾害持续,3,12,100.0,0.0,1.3129205760201603,0.0,9.764818258614222,0.0
lankao_mc_035,lankao_typical_event_001,灾后恢复,4,12,41.66666666666667,8.333333333333332,0.4870262932709293,0.22585969228207542,0.9891137862400526,0.22585969228207542
lankao_mc_036,lankao_typical_event_001,灾前准备,1,6,0.0,0.0,0.0,0.0,0.0,0.0
lankao_mc_036,lankao_typical_event_001,灾害冲击,2,6,33.33333333333333,0.0,1.0014892884014388,0.0,1.5062272785856936,0.0
lankao_mc_036,lankao_typical_event_001,灾害持续,3,12,100.0,0.0,1.466635729662706,0.0,13.516260392271768,0.0
lankao_mc_036,lankao_typical_event_001,灾后恢复,4,12,25.0,0.0,0.3434557117996459,0.0,0.524471140139461,0.0
lankao_mc_037,lankao_typical_event_001,灾前准备,1,6,0.0,0.0,0.0,0.0,0.0,0.0
lankao_mc_037,lankao_typical_event_001,灾害冲击,2,6,50.0,0.0,1.029400806831102,0.0,1.8155902264762123,0.0
lankao_mc_037,lankao_typical_event_001,灾害持续,3,12,100.0,0.0,1.70539582738722,0.0,15.075563905702689,0.0
lankao_mc_037,lankao_typical_event_001,灾后恢复,4,12,41.66666666666667,0.0,0.5973065817433353,0.0,1.1943126477852288,0.0
lankao_mc_038,lankao_typical_event_001,灾前准备,1,6,0.0,0.0,0.0,0.0,0.0,0.0
lankao_mc_038,lankao_typical_event_001,灾害冲击,2,6,33.33333333333333,0.0,0.7807741989136053,0.0,0.993982569407942,0.0
lankao_mc_038,lankao_typical_event_001,灾害持续,3,12,100.0,0.0,1.6730878061387202,0.0,12.72307803819102,0.0
lankao_mc_038,lankao_typical_event_001,灾后恢复,4,12,25.0,0.0,0.4844048110859457,0.0,0.8385584130387265,0.0
lankao_mc_039,lankao_typical_event_001,灾前准备,1,6,0.0,0.0,0.0,0.0,0.0,0.0
lankao_mc_039,lankao_typical_event_001,灾害冲击,2,6,33.33333333333333,0.0,1.0684995788760931,0.0,1.4900692566291487,0.0
lankao_mc_039,lankao_typical_event_001,灾害持续,3,12,100.0,0.0,1.6052229644304739,0.0,14.066495893675476,0.0
lankao_mc_039,lankao_typical_event_001,灾后恢复,4,12,25.0,0.0,0.4643385391393009,0.0,0.7189159732796067,0.0
lankao_mc_040,lankao_typical_event_001,灾前准备,1,6,0.0,0.0,0.0,0.0,0.0,0.0
lankao_mc_040,lankao_typical_event_001,灾害冲击,2,6,50.0,0.0,1.109131802496568,0.0,1.8026730559179636,0.0
lankao_mc_040,lankao_typical_event_001,灾害持续,3,12,100.0,0.0,1.5471852700763442,0.0,14.477457346923103,0.0
lankao_mc_040,lankao_typical_event_001,灾后恢复,4,12,41.66666666666667,0.0,0.4959576556472182,0.0,0.9865559880285732,0.0
lankao_mc_041,lankao_typical_event_001,灾前准备,1,6,0.0,0.0,0.0,0.0,0.0,0.0
lankao_mc_041,lankao_typical_event_001,灾害冲击,2,6,33.33333333333333,0.0,0.6900664506209881,0.0,0.9208471583705892,0.0
lankao_mc_041,lankao_typical_event_001,灾害持续,3,12,100.0,0.0,1.3861682838153548,0.0,11.44056686132854,0.0
lankao_mc_041,lankao_typical_event_001,灾后恢复,4,12,33.33333333333333,8.333333333333332,0.4300984832571178,0.011465375924894375,0.8157787217916237,0.011465375924894375
lankao_mc_042,lankao_typical_event_001,灾前准备,1,6,0.0,0.0,0.0,0.0,0.0,0.0
lankao_mc_042,lankao_typical_event_001,灾害冲击,2,6,33.33333333333333,0.0,1.064691587579353,0.0,1.4228091658602682,0.0
lankao_mc_042,lankao_typical_event_001,灾害持续,3,12,100.0,0.0,1.5201118576500114,0.0,13.07900618530328,0.0
lankao_mc_042,lankao_typical_event_001,灾后恢复,4,12,33.33333333333333,8.333333333333332,0.4861203322764711,0.049349659380619415,0.8036988892157872,0.049349659380619415
lankao_mc_043,lankao_typical_event_001,灾前准备,1,6,0.0,0.0,0.0,0.0,0.0,0.0
lankao_mc_043,lankao_typical_event_001,灾害冲击,2,6,50.0,0.0,1.090538395439605,0.0,2.0569686015066555,0.0
lankao_mc_043,lankao_typical_event_001,灾害持续,3,12,100.0,0.0,1.8127664313590912,0.0,16.58191148471762,0.0
lankao_mc_043,lankao_typical_event_001,灾后恢复,4,12,58.333333333333336,0.0,0.8296633915665327,0.0,2.7352357025359124,0.0
lankao_mc_044,lankao_typical_event_001,灾前准备,1,6,0.0,0.0,0.0,0.0,0.0,0.0
lankao_mc_044,lankao_typical_event_001,灾害冲击,2,6,33.33333333333333,0.0,0.7693554590161227,0.0,1.11079508392874,0.0
lankao_mc_044,lankao_typical_event_001,灾害持续,3,12,100.0,0.0,1.3173064191293784,0.0,10.320573800827475,0.0
lankao_mc_044,lankao_typical_event_001,灾后恢复,4,12,16.666666666666664,0.0,0.21030132570104876,0.0,0.23819712761707595,0.0
lankao_mc_045,lankao_typical_event_001,灾前准备,1,6,0.0,0.0,0.0,0.0,0.0,0.0
lankao_mc_045,lankao_typical_event_001,灾害冲击,2,6,33.33333333333333,0.0,1.0286235375700499,0.0,1.4939835421071141,0.0
lankao_mc_045,lankao_typical_event_001,灾害持续,3,12,100.0,0.0,1.6929468495678557,0.0,14.137841750391551,0.0
lankao_mc_045,lankao_typical_event_001,灾后恢复,4,12,58.333333333333336,0.0,0.5388394199442234,0.0,1.4712312704084294,0.0
lankao_mc_046,lankao_typical_event_001,灾前准备,1,6,0.0,0.0,0.0,0.0,0.0,0.0
lankao_mc_046,lankao_typical_event_001,灾害冲击,2,6,50.0,0.0,1.1610993916081187,0.0,2.006776660765005,0.0
lankao_mc_046,lankao_typical_event_001,灾害持续,3,12,100.0,0.0,1.6756933066877457,0.0,14.529215729829806,0.0
lankao_mc_046,lankao_typical_event_001,灾后恢复,4,12,58.333333333333336,8.333333333333332,0.6191598699973908,0.16620011221352804,2.1330898876506548,0.16620011221352804
lankao_mc_047,lankao_typical_event_001,灾前准备,1,6,0.0,0.0,0.0,0.0,0.0,0.0
lankao_mc_047,lankao_typical_event_001,灾害冲击,2,6,50.0,0.0,0.9359212756993557,0.0,1.339733559416627,0.0
lankao_mc_047,lankao_typical_event_001,灾害持续,3,12,100.0,0.0,1.4693115058254176,0.0,13.201213415761398,0.0
lankao_mc_047,lankao_typical_event_001,灾后恢复,4,12,41.66666666666667,0.0,0.6002575913784846,0.0,1.1332740422066327,0.0
lankao_mc_048,lankao_typical_event_001,灾前准备,1,6,0.0,0.0,0.0,0.0,0.0,0.0
lankao_mc_048,lankao_typical_event_001,灾害冲击,2,6,50.0,0.0,1.4679695700461934,0.0,2.9572642459567016,0.0
lankao_mc_048,lankao_typical_event_001,灾害持续,3,12,100.0,0.0,1.8696441748068338,0.0,18.35852589771889,0.0
lankao_mc_048,lankao_typical_event_001,灾后恢复,4,12,50.0,0.0,0.8015439884220221,0.0,2.1304197102820317,0.0
lankao_mc_049,lankao_typical_event_001,灾前准备,1,6,0.0,0.0,0.0,0.0,0.0,0.0
lankao_mc_049,lankao_typical_event_001,灾害冲击,2,6,50.0,0.0,1.260571860340129,0.0,2.3679695147111017,0.0
lankao_mc_049,lankao_typical_event_001,灾害持续,3,12,100.0,0.0,1.7708776187245399,0.0,16.29962278873664,0.0
lankao_mc_049,lankao_typical_event_001,灾后恢复,4,12,58.333333333333336,0.0,0.6660940019688183,0.0,1.7463738350423255,0.0
lankao_mc_050,lankao_typical_event_001,灾前准备,1,6,0.0,0.0,0.0,0.0,0.0,0.0
lankao_mc_050,lankao_typical_event_001,灾害冲击,2,6,33.33333333333333,0.0,1.0064362018639579,0.0,1.121791837583667,0.0
lankao_mc_050,lankao_typical_event_001,灾害持续,3,12,100.0,0.0,1.4388761140071276,0.0,13.618312825027488,0.0
lankao_mc_050,lankao_typical_event_001,灾后恢复,4,12,33.33333333333333,0.0,0.5172783212274336,0.0,0.986153253426528,0.0
lankao_mc_051,lankao_typical_event_001,灾前准备,1,6,0.0,0.0,0.0,0.0,0.0,0.0
lankao_mc_051,lankao_typical_event_001,灾害冲击,2,6,33.33333333333333,0.0,0.7741804142952008,0.0,0.9745799790722873,0.0
lankao_mc_051,lankao_typical_event_001,灾害持续,3,12,100.0,0.0,1.345467121588701,0.0,12.20126219804016,0.0
lankao_mc_051,lankao_typical_event_001,灾后恢复,4,12,25.0,0.0,0.3943900600221155,0.0,0.5342859602925317,0.0
lankao_mc_052,lankao_typical_event_001,灾前准备,1,6,0.0,0.0,0.0,0.0,0.0,0.0
lankao_mc_052,lankao_typical_event_001,灾害冲击,2,6,33.33333333333333,0.0,1.029503619943402,0.0,1.461536678503897,0.0
lankao_mc_052,lankao_typical_event_001,灾害持续,3,12,100.0,0.0,1.5121987443837535,0.0,13.103505729382254,0.0
lankao_mc_052,lankao_typical_event_001,灾后恢复,4,12,58.333333333333336,8.333333333333332,0.5797998902773656,0.1636499345150853,1.1343632932474175,0.1636499345150853
lankao_mc_053,lankao_typical_event_001,灾前准备,1,6,0.0,0.0,0.0,0.0,0.0,0.0
lankao_mc_053,lankao_typical_event_001,灾害冲击,2,6,50.0,0.0,1.2880364264205215,0.0,2.0852875899385808,0.0
lankao_mc_053,lankao_typical_event_001,灾害持续,3,12,100.0,0.0,1.553914335135054,0.0,15.598292409158264,0.0
lankao_mc_053,lankao_typical_event_001,灾后恢复,4,12,58.333333333333336,0.0,0.6286871333634895,0.0,1.3742823959186052,0.0
lankao_mc_054,lankao_typical_event_001,灾前准备,1,6,0.0,0.0,0.0,0.0,0.0,0.0
lankao_mc_054,lankao_typical_event_001,灾害冲击,2,6,50.0,0.0,0.9356701925063542,0.0,1.6728584266444475,0.0
lankao_mc_054,lankao_typical_event_001,灾害持续,3,12,100.0,0.0,1.321669232984087,0.0,11.798391527562002,0.0
lankao_mc_054,lankao_typical_event_001,灾后恢复,4,12,41.66666666666667,0.0,0.37904009102508535,0.0,0.9928263228725991,0.0
lankao_mc_055,lankao_typical_event_001,灾前准备,1,6,0.0,0.0,0.0,0.0,0.0,0.0
lankao_mc_055,lankao_typical_event_001,灾害冲击,2,6,50.0,0.0,0.9286155155266816,0.0,1.336337653664234,0.0
lankao_mc_055,lankao_typical_event_001,灾害持续,3,12,100.0,0.0,1.703477850963107,0.0,14.491261409082847,0.0
lankao_mc_055,lankao_typical_event_001,灾后恢复,4,12,58.333333333333336,0.0,0.4775732275203302,0.0,1.20832954159135,0.0
lankao_mc_056,lankao_typical_event_001,灾前准备,1,6,0.0,0.0,0.0,0.0,0.0,0.0
lankao_mc_056,lankao_typical_event_001,灾害冲击,2,6,33.33333333333333,0.0,0.7254175078518887,0.0,0.9990766940175565,0.0
lankao_mc_056,lankao_typical_event_001,灾害持续,3,12,100.0,0.0,1.4571256889981306,0.0,11.793314288940744,0.0
lankao_mc_056,lankao_typical_event_001,灾后恢复,4,12,41.66666666666667,0.0,0.5436118093348048,0.0,0.9670857403990217,0.0
lankao_mc_057,lankao_typical_event_001,灾前准备,1,6,0.0,0.0,0.0,0.0,0.0,0.0
lankao_mc_057,lankao_typical_event_001,灾害冲击,2,6,33.33333333333333,0.0,1.0701757086393935,0.0,1.6012873430623853,0.0
lankao_mc_057,lankao_typical_event_001,灾害持续,3,12,100.0,0.0,1.576720233746998,0.0,13.211626370773065,0.0
lankao_mc_057,lankao_typical_event_001,灾后恢复,4,12,33.33333333333333,0.0,0.4149530202489189,0.0,0.7363409592294297,0.0
lankao_mc_058,lankao_typical_event_001,灾前准备,1,6,0.0,0.0,0.0,0.0,0.0,0.0
lankao_mc_058,lankao_typical_event_001,灾害冲击,2,6,50.0,0.0,1.2783675847004337,0.0,1.9694339930501208,0.0
lankao_mc_058,lankao_typical_event_001,灾害持续,3,12,100.0,0.0,1.6140478262914266,0.0,16.205973503919004,0.0
lankao_mc_058,lankao_typical_event_001,灾后恢复,4,12,58.333333333333336,0.0,0.6255208522614664,0.0,2.3244209689926043,0.0
lankao_mc_059,lankao_typical_event_001,灾前准备,1,6,0.0,0.0,0.0,0.0,0.0,0.0
lankao_mc_059,lankao_typical_event_001,灾害冲击,2,6,33.33333333333333,0.0,0.7609076515696456,0.0,1.0103077863785013,0.0
lankao_mc_059,lankao_typical_event_001,灾害持续,3,12,100.0,0.0,1.2927881330661395,0.0,11.903797513032407,0.0
lankao_mc_059,lankao_typical_event_001,灾后恢复,4,12,25.0,0.0,0.420211055991171,0.0,0.6395540039518708,0.0
lankao_mc_060,lankao_typical_event_001,灾前准备,1,6,0.0,0.0,0.0,0.0,0.0,0.0
lankao_mc_060,lankao_typical_event_001,灾害冲击,2,6,33.33333333333333,0.0,0.8131754711349093,0.0,1.0416692180130687,0.0
lankao_mc_060,lankao_typical_event_001,灾害持续,3,12,100.0,0.0,1.537944713978223,0.0,13.205108245405492,0.0
lankao_mc_060,lankao_typical_event_001,灾后恢复,4,12,16.666666666666664,0.0,0.39387816536405934,0.0,0.5776772893831006,0.0
lankao_mc_061,lankao_typical_event_001,灾前准备,1,6,0.0,0.0,0.0,0.0,0.0,0.0
lankao_mc_061,lankao_typical_event_001,灾害冲击,2,6,33.33333333333333,0.0,0.8540793647249284,0.0,1.2515365745831644,0.0
lankao_mc_061,lankao_typical_event_001,灾害持续,3,12,100.0,0.0,1.5199289503890931,0.0,13.188782996132264,0.0
lankao_mc_061,lankao_typical_event_001,灾后恢复,4,12,25.0,0.0,0.5550607595122572,0.0,0.9721652084435248,0.0
lankao_mc_062,lankao_typical_event_001,灾前准备,1,6,0.0,0.0,0.0,0.0,0.0,0.0
lankao_mc_062,lankao_typical_event_001,灾害冲击,2,6,33.33333333333333,0.0,1.0746556952219606,0.0,1.5531231342619276,0.0
lankao_mc_062,lankao_typical_event_001,灾害持续,3,12,100.0,0.0,1.5831733975608266,0.0,13.452167757447162,0.0
lankao_mc_062,lankao_typical_event_001,灾后恢复,4,12,50.0,0.0,0.6069018730433993,0.0,1.1904892508161098,0.0
lankao_mc_063,lankao_typical_event_001,灾前准备,1,6,0.0,0.0,0.0,0.0,0.0,0.0
lankao_mc_063,lankao_typical_event_001,灾害冲击,2,6,33.33333333333333,0.0,0.7667229305932014,0.0,1.171097022963342,0.0
lankao_mc_063,lankao_typical_event_001,灾害持续,3,12,100.0,0.0,1.5061693636833635,0.0,13.574377725511033,0.0
lankao_mc_063,lankao_typical_event_001,灾后恢复,4,12,25.0,0.0,0.4693583967496787,0.0,0.728007643535219,0.0
lankao_mc_064,lankao_typical_event_001,灾前准备,1,6,0.0,0.0,0.0,0.0,0.0,0.0
lankao_mc_064,lankao_typical_event_001,灾害冲击,2,6,50.0,0.0,1.1124195515573003,0.0,1.7061250568174153,0.0
lankao_mc_064,lankao_typical_event_001,灾害持续,3,12,100.0,0.0,1.7241341917732116,0.0,15.810374737077154,0.0
lankao_mc_064,lankao_typical_event_001,灾后恢复,4,12,58.333333333333336,0.0,0.7155790122481617,0.0,1.9947153551493377,0.0
lankao_mc_065,lankao_typical_event_001,灾前准备,1,6,0.0,0.0,0.0,0.0,0.0,0.0
lankao_mc_065,lankao_typical_event_001,灾害冲击,2,6,50.0,0.0,1.084811854224692,0.0,1.703235455192288,0.0
lankao_mc_065,lankao_typical_event_001,灾害持续,3,12,100.0,0.0,1.5291925691193609,0.0,14.153729313479037,0.0
lankao_mc_065,lankao_typical_event_001,灾后恢复,4,12,58.333333333333336,0.0,0.6635562996948586,0.0,2.096884713060769,0.0
lankao_mc_066,lankao_typical_event_001,灾前准备,1,6,0.0,0.0,0.0,0.0,0.0,0.0
lankao_mc_066,lankao_typical_event_001,灾害冲击,2,6,33.33333333333333,0.0,0.39683067449411585,0.0,0.39994282424533834,0.0
lankao_mc_066,lankao_typical_event_001,灾害持续,3,12,100.0,0.0,1.3257598046908703,0.0,9.784100453744392,0.0
lankao_mc_066,lankao_typical_event_001,灾后恢复,4,12,16.666666666666664,8.333333333333332,0.303726409099235,0.1584422950868015,0.4255176368530077,0.1584422950868015
lankao_mc_067,lankao_typical_event_001,灾前准备,1,6,0.0,0.0,0.0,0.0,0.0,0.0
lankao_mc_067,lankao_typical_event_001,灾害冲击,2,6,33.33333333333333,0.0,1.0363726397290434,0.0,1.5318479142464223,0.0
lankao_mc_067,lankao_typical_event_001,灾害持续,3,12,100.0,0.0,1.505745571215643,0.0,14.160331658751618,0.0
lankao_mc_067,lankao_typical_event_001,灾后恢复,4,12,50.0,0.0,0.6205827971857791,0.0,1.2953227607076316,0.0
lankao_mc_068,lankao_typical_event_001,灾前准备,1,6,0.0,0.0,0.0,0.0,0.0,0.0
lankao_mc_068,lankao_typical_event_001,灾害冲击,2,6,33.33333333333333,0.0,0.6904600320193108,0.0,0.8858549149387533,0.0
lankao_mc_068,lankao_typical_event_001,灾害持续,3,12,100.0,0.0,1.3606907859686048,0.0,11.06568278049376,0.0
lankao_mc_068,lankao_typical_event_001,灾后恢复,4,12,25.0,0.0,0.33217569315704715,0.0,0.5932211567083835,0.0
lankao_mc_069,lankao_typical_event_001,灾前准备,1,6,0.0,0.0,0.0,0.0,0.0,0.0
lankao_mc_069,lankao_typical_event_001,灾害冲击,2,6,33.33333333333333,0.0,1.039328721573925,0.0,1.3487984291626156,0.0
lankao_mc_069,lankao_typical_event_001,灾害持续,3,12,100.0,0.0,1.5334993974501594,0.0,13.437406897573329,0.0
lankao_mc_069,lankao_typical_event_001,灾后恢复,4,12,33.33333333333333,8.333333333333332,0.5584323224321609,0.2503478033576237,0.9791568917424053,0.2503478033576237
lankao_mc_070,lankao_typical_event_001,灾前准备,1,6,0.0,0.0,0.0,0.0,0.0,0.0
lankao_mc_070,lankao_typical_event_001,灾害冲击,2,6,50.0,0.0,1.020573326662297,0.0,1.6898186343454444,0.0
lankao_mc_070,lankao_typical_event_001,灾害持续,3,12,100.0,0.0,1.528596119907334,0.0,14.182910819531932,0.0
lankao_mc_070,lankao_typical_event_001,灾后恢复,4,12,16.666666666666664,8.333333333333332,0.41258975373515927,0.2893804986144377,0.5859109317957002,0.2893804986144377
lankao_mc_071,lankao_typical_event_001,灾前准备,1,6,0.0,0.0,0.0,0.0,0.0,0.0
lankao_mc_071,lankao_typical_event_001,灾害冲击,2,6,50.0,0.0,1.2984282886125387,0.0,2.4915314141021105,0.0
lankao_mc_071,lankao_typical_event_001,灾害持续,3,12,100.0,0.0,1.5242623515372238,0.0,14.843645136792718,0.0
lankao_mc_071,lankao_typical_event_001,灾后恢复,4,12,41.66666666666667,0.0,0.6050256697233142,0.0,1.2031317986571093,0.0
lankao_mc_072,lankao_typical_event_001,灾前准备,1,6,0.0,0.0,0.0,0.0,0.0,0.0
lankao_mc_072,lankao_typical_event_001,灾害冲击,2,6,33.33333333333333,0.0,1.0903531334527579,0.0,1.6243982701197544,0.0
lankao_mc_072,lankao_typical_event_001,灾害持续,3,12,100.0,0.0,1.588959249144745,0.0,14.18909611026389,0.0
lankao_mc_072,lankao_typical_event_001,灾后恢复,4,12,25.0,0.0,0.5907926839899494,0.0,0.928159260804212,0.0
lankao_mc_073,lankao_typical_event_001,灾前准备,1,6,0.0,0.0,0.0,0.0,0.0,0.0
lankao_mc_073,lankao_typical_event_001,灾害冲击,2,6,33.33333333333333,0.0,1.1726685450615741,0.0,1.616233885470563,0.0
lankao_mc_073,lankao_typical_event_001,灾害持续,3,12,100.0,0.0,1.4798475041809878,0.0,13.449639245870564,0.0
lankao_mc_073,lankao_typical_event_001,灾后恢复,4,12,33.33333333333333,8.333333333333332,0.5213094440326045,0.2214639242907855,0.8538686817887686,0.2214639242907855
lankao_mc_074,lankao_typical_event_001,灾前准备,1,6,0.0,0.0,0.0,0.0,0.0,0.0
lankao_mc_074,lankao_typical_event_001,灾害冲击,2,6,33.33333333333333,0.0,0.584124474442745,0.0,0.6124815869153005,0.0
lankao_mc_074,lankao_typical_event_001,灾害持续,3,12,100.0,0.0,1.41315024405683,0.0,11.74126293809325,0.0
lankao_mc_074,lankao_typical_event_001,灾后恢复,4,12,25.0,8.333333333333332,0.4239946440692301,0.3024338692359168,0.8336613172055145,0.3024338692359168
lankao_mc_075,lankao_typical_event_001,灾前准备,1,6,0.0,0.0,0.0,0.0,0.0,0.0
lankao_mc_075,lankao_typical_event_001,灾害冲击,2,6,33.33333333333333,0.0,1.1267770115157956,0.0,1.6419325141123458,0.0
lankao_mc_075,lankao_typical_event_001,灾害持续,3,12,100.0,0.0,1.5807275894859962,0.0,13.87649847366529,0.0
lankao_mc_075,lankao_typical_event_001,灾后恢复,4,12,25.0,0.0,0.4509230057009606,0.0,0.6227817154552427,0.0
lankao_mc_076,lankao_typical_event_001,灾前准备,1,6,0.0,0.0,0.0,0.0,0.0,0.0
lankao_mc_076,lankao_typical_event_001,灾害冲击,2,6,33.33333333333333,0.0,0.7493176225446443,0.0,0.8958505194828785,0.0
lankao_mc_076,lankao_typical_event_001,灾害持续,3,12,100.0,0.0,1.3665565949352703,0.0,12.105097870860552,0.0
lankao_mc_076,lankao_typical_event_001,灾后恢复,4,12,41.66666666666667,0.0,0.45355665657664734,0.0,0.782131611948964,0.0
lankao_mc_077,lankao_typical_event_001,灾前准备,1,6,0.0,0.0,0.0,0.0,0.0,0.0
lankao_mc_077,lankao_typical_event_001,灾害冲击,2,6,33.33333333333333,0.0,1.117934607035143,0.0,1.6773773583215106,0.0
lankao_mc_077,lankao_typical_event_001,灾害持续,3,12,100.0,0.0,1.5813971940270646,0.0,14.157008174564965,0.0
lankao_mc_077,lankao_typical_event_001,灾后恢复,4,12,41.66666666666667,0.0,0.534858367464939,0.0,1.0494745551430895,0.0
lankao_mc_078,lankao_typical_event_001,灾前准备,1,6,0.0,0.0,0.0,0.0,0.0,0.0
lankao_mc_078,lankao_typical_event_001,灾害冲击,2,6,33.33333333333333,0.0,0.6488347087878154,0.0,0.9087375959294179,0.0
lankao_mc_078,lankao_typical_event_001,灾害持续,3,12,100.0,0.0,1.5125547705742588,0.0,11.51154843428758,0.0
lankao_mc_078,lankao_typical_event_001,灾后恢复,4,12,25.0,8.333333333333332,0.32656726316094675,0.001420301608967293,0.7200895865085328,0.001420301608967293
lankao_mc_079,lankao_typical_event_001,灾前准备,1,6,0.0,0.0,0.0,0.0,0.0,0.0
lankao_mc_079,lankao_typical_event_001,灾害冲击,2,6,33.33333333333333,0.0,0.991087708511453,0.0,1.3165289881558087,0.0
lankao_mc_079,lankao_typical_event_001,灾害持续,3,12,100.0,0.0,1.5676953985799107,0.0,13.801302135545106,0.0
lankao_mc_079,lankao_typical_event_001,灾后恢复,4,12,41.66666666666667,8.333333333333332,0.6167462794589186,0.07646511304842954,1.1883536590066546,0.07646511304842954
lankao_mc_080,lankao_typical_event_001,灾前准备,1,6,0.0,0.0,0.0,0.0,0.0,0.0
lankao_mc_080,lankao_typical_event_001,灾害冲击,2,6,33.33333333333333,0.0,0.9485730721700584,0.0,1.2465306145823736,0.0
lankao_mc_080,lankao_typical_event_001,灾害持续,3,12,100.0,0.0,1.3712181365870968,0.0,11.561369095883595,0.0
lankao_mc_080,lankao_typical_event_001,灾后恢复,4,12,25.0,8.333333333333332,0.3526182245966435,0.423593066653003,0.5790258326753451,0.423593066653003
lankao_mc_081,lankao_typical_event_001,灾前准备,1,6,0.0,0.0,0.0,0.0,0.0,0.0
lankao_mc_081,lankao_typical_event_001,灾害冲击,2,6,33.33333333333333,0.0,0.7813808796254936,0.0,0.9869718484268688,0.0
lankao_mc_081,lankao_typical_event_001,灾害持续,3,12,100.0,0.0,1.4168498230707278,0.0,12.351283693187417,0.0
lankao_mc_081,lankao_typical_event_001,灾后恢复,4,12,25.0,0.0,0.3910121284514457,0.0,0.7110989495123017,0.0
lankao_mc_082,lankao_typical_event_001,灾前准备,1,6,0.0,0.0,0.0,0.0,0.0,0.0
lankao_mc_082,lankao_typical_event_001,灾害冲击,2,6,50.0,0.0,1.1238919219378158,0.0,1.6877223527094571,0.0
lankao_mc_082,lankao_typical_event_001,灾害持续,3,12,100.0,0.0,1.5696036566264084,0.0,14.02481149877364,0.0
lankao_mc_082,lankao_typical_event_001,灾后恢复,4,12,25.0,0.0,0.46003532730460295,0.0,0.7284290422667666,0.0
lankao_mc_083,lankao_typical_event_001,灾前准备,1,6,0.0,0.0,0.0,0.0,0.0,0.0
lankao_mc_083,lankao_typical_event_001,灾害冲击,2,6,50.0,0.0,1.100057173988509,0.0,1.9728968309067776,0.0
lankao_mc_083,lankao_typical_event_001,灾害持续,3,12,100.0,0.0,1.7157507370221592,0.0,15.830998268605526,0.0
lankao_mc_083,lankao_typical_event_001,灾后恢复,4,12,58.333333333333336,0.0,0.6195861272647162,0.0,2.0035081573788123,0.0
lankao_mc_084,lankao_typical_event_001,灾前准备,1,6,0.0,0.0,0.0,0.0,0.0,0.0
lankao_mc_084,lankao_typical_event_001,灾害冲击,2,6,33.33333333333333,0.0,0.9276807415995288,0.0,1.2541623365795953,0.0
lankao_mc_084,lankao_typical_event_001,灾害持续,3,12,100.0,0.0,1.637269059109335,0.0,14.689828603062807,0.0
lankao_mc_084,lankao_typical_event_001,灾后恢复,4,12,25.0,8.333333333333332,0.5123577552283498,0.4515006440857044,0.8136562761045626,0.4515006440857044
lankao_mc_085,lankao_typical_event_001,灾前准备,1,6,0.0,0.0,0.0,0.0,0.0,0.0
lankao_mc_085,lankao_typical_event_001,灾害冲击,2,6,50.0,0.0,1.1982276082416474,0.0,2.056345311004625,0.0
lankao_mc_085,lankao_typical_event_001,灾害持续,3,12,100.0,0.0,1.723102543331664,0.0,15.94669692552718,0.0
lankao_mc_085,lankao_typical_event_001,灾后恢复,4,12,58.333333333333336,0.0,0.6664492922207917,0.0,2.1947860490431363,0.0
lankao_mc_086,lankao_typical_event_001,灾前准备,1,6,0.0,0.0,0.0,0.0,0.0,0.0
lankao_mc_086,lankao_typical_event_001,灾害冲击,2,6,50.0,0.0,1.2323639190802063,0.0,2.073838412008543,0.0
lankao_mc_086,lankao_typical_event_001,灾害持续,3,12,100.0,0.0,1.8155377316509864,0.0,17.38940655983752,0.0
lankao_mc_086,lankao_typical_event_001,灾后恢复,4,12,58.333333333333336,0.0,0.7579406855589506,0.0,2.1640133418025194,0.0
lankao_mc_087,lankao_typical_event_001,灾前准备,1,6,0.0,0.0,0.0,0.0,0.0,0.0
lankao_mc_087,lankao_typical_event_001,灾害冲击,2,6,50.0,0.0,0.9511744464942145,0.0,1.5129032426659494,0.0
lankao_mc_087,lankao_typical_event_001,灾害持续,3,12,100.0,0.0,1.765277102546563,0.0,15.34612957322755,0.0
lankao_mc_087,lankao_typical_event_001,灾后恢复,4,12,58.333333333333336,0.0,0.7116207172719492,0.0,2.7210829920135677,0.0
lankao_mc_088,lankao_typical_event_001,灾前准备,1,6,0.0,0.0,0.0,0.0,0.0,0.0
lankao_mc_088,lankao_typical_event_001,灾害冲击,2,6,33.33333333333333,0.0,0.9299662987777624,0.0,1.3326294672413461,0.0
lankao_mc_088,lankao_typical_event_001,灾害持续,3,12,100.0,0.0,1.6785188509985975,0.0,15.009689252723211,0.0
lankao_mc_088,lankao_typical_event_001,灾后恢复,4,12,25.0,0.0,0.524501524188773,0.0,0.8729041963687406,0.0
lankao_mc_089,lankao_typical_event_001,灾前准备,1,6,0.0,0.0,0.0,0.0,0.0,0.0
lankao_mc_089,lankao_typical_event_001,灾害冲击,2,6,50.0,0.0,1.0720209693275227,0.0,1.6697535607628025,0.0
lankao_mc_089,lankao_typical_event_001,灾害持续,3,12,100.0,0.0,1.6767213384645716,0.0,14.783155000396498,0.0
lankao_mc_089,lankao_typical_event_001,灾后恢复,4,12,58.333333333333336,0.0,0.5195132498062726,0.0,1.1872610878615393,0.0
lankao_mc_090,lankao_typical_event_001,灾前准备,1,6,0.0,0.0,0.0,0.0,0.0,0.0
lankao_mc_090,lankao_typical_event_001,灾害冲击,2,6,33.33333333333333,0.0,0.8697517658011864,0.0,1.177371678620049,0.0
lankao_mc_090,lankao_typical_event_001,灾害持续,3,12,100.0,0.0,1.4243550360433104,0.0,11.64847980240202,0.0
lankao_mc_090,lankao_typical_event_001,灾后恢复,4,12,16.666666666666664,8.333333333333332,0.3322637465701767,0.005443537071738263,0.42581176021691564,0.005443537071738263
lankao_mc_091,lankao_typical_event_001,灾前准备,1,6,0.0,0.0,0.0,0.0,0.0,0.0
lankao_mc_091,lankao_typical_event_001,灾害冲击,2,6,50.0,0.0,1.10781605696844,0.0,1.6096938047602993,0.0
lankao_mc_091,lankao_typical_event_001,灾害持续,3,12,100.0,0.0,1.5816877430510339,0.0,14.310261328851968,0.0
lankao_mc_091,lankao_typical_event_001,灾后恢复,4,12,50.0,0.0,0.5377764087091426,0.0,1.1544331050708374,0.0
lankao_mc_092,lankao_typical_event_001,灾前准备,1,6,0.0,0.0,0.0,0.0,0.0,0.0
lankao_mc_092,lankao_typical_event_001,灾害冲击,2,6,33.33333333333333,0.0,1.1110376639643504,0.0,1.6145864438276556,0.0
lankao_mc_092,lankao_typical_event_001,灾害持续,3,12,100.0,0.0,1.4613958864061911,0.0,12.897422523256562,0.0
lankao_mc_092,lankao_typical_event_001,灾后恢复,4,12,33.33333333333333,0.0,0.4021258329009496,0.0,0.6655380871081515,0.0
lankao_mc_093,lankao_typical_event_001,灾前准备,1,6,0.0,0.0,0.0,0.0,0.0,0.0
lankao_mc_093,lankao_typical_event_001,灾害冲击,2,6,33.33333333333333,0.0,0.6033435729547376,0.0,0.6712783132739674,0.0
lankao_mc_093,lankao_typical_event_001,灾害持续,3,12,100.0,0.0,1.222776025912715,0.0,10.395536951471286,0.0
lankao_mc_093,lankao_typical_event_001,灾后恢复,4,12,16.666666666666664,8.333333333333332,0.35456397077663065,0.08223268779210884,0.4446227069646428,0.08223268779210884
lankao_mc_094,lankao_typical_event_001,灾前准备,1,6,0.0,0.0,0.0,0.0,0.0,0.0
lankao_mc_094,lankao_typical_event_001,灾害冲击,2,6,33.33333333333333,0.0,0.7150568394288034,0.0,0.7954552656479734,0.0
lankao_mc_094,lankao_typical_event_001,灾害持续,3,12,100.0,0.0,1.199715384371137,0.0,10.805366147765087,0.0
lankao_mc_094,lankao_typical_event_001,灾后恢复,4,12,25.0,0.0,0.48618588299213306,0.0,0.7705852589640293,0.0
lankao_mc_095,lankao_typical_event_001,灾前准备,1,6,0.0,0.0,0.0,0.0,0.0,0.0
lankao_mc_095,lankao_typical_event_001,灾害冲击,2,6,33.33333333333333,0.0,0.7390222482567083,0.0,0.9581386647775535,0.0
lankao_mc_095,lankao_typical_event_001,灾害持续,3,12,100.0,0.0,1.5269933612465505,0.0,13.75974146240348,0.0
lankao_mc_095,lankao_typical_event_001,灾后恢复,4,12,58.333333333333336,0.0,0.5162691064051441,0.0,1.4992810988906824,0.0
lankao_mc_096,lankao_typical_event_001,灾前准备,1,6,0.0,0.0,0.0,0.0,0.0,0.0
lankao_mc_096,lankao_typical_event_001,灾害冲击,2,6,50.0,0.0,1.2271371829983904,0.0,2.0609873219387933,0.0
lankao_mc_096,lankao_typical_event_001,灾害持续,3,12,100.0,0.0,1.706729689839735,0.0,15.612210923630299,0.0
lankao_mc_096,lankao_typical_event_001,灾后恢复,4,12,58.333333333333336,0.0,0.4951251454398408,0.0,1.3741957066017607,0.0
lankao_mc_097,lankao_typical_event_001,灾前准备,1,6,0.0,0.0,0.0,0.0,0.0,0.0
lankao_mc_097,lankao_typical_event_001,灾害冲击,2,6,33.33333333333333,0.0,0.912334622235726,0.0,1.2246891327658762,0.0
lankao_mc_097,lankao_typical_event_001,灾害持续,3,12,100.0,0.0,1.4933194275377282,0.0,12.544760422882232,0.0
lankao_mc_097,lankao_typical_event_001,灾后恢复,4,12,33.33333333333333,0.0,0.5796419856701489,0.0,1.0171314260323048,0.0
lankao_mc_098,lankao_typical_event_001,灾前准备,1,6,0.0,0.0,0.0,0.0,0.0,0.0
lankao_mc_098,lankao_typical_event_001,灾害冲击,2,6,50.0,0.0,1.0946032148673663,0.0,1.7306903227837516,0.0
lankao_mc_098,lankao_typical_event_001,灾害持续,3,12,100.0,0.0,1.5466299324528312,0.0,14.188246859310793,0.0
lankao_mc_098,lankao_typical_event_001,灾后恢复,4,12,58.333333333333336,0.0,0.5234661488071686,0.0,1.299524349590769,0.0
lankao_mc_099,lankao_typical_event_001,灾前准备,1,6,0.0,0.0,0.0,0.0,0.0,0.0
lankao_mc_099,lankao_typical_event_001,灾害冲击,2,6,33.33333333333333,0.0,1.0566925354065007,0.0,1.5348801775068206,0.0
lankao_mc_099,lankao_typical_event_001,灾害持续,3,12,100.0,0.0,1.6580957941252121,0.0,14.220193904023416,0.0
lankao_mc_099,lankao_typical_event_001,灾后恢复,4,12,58.333333333333336,0.0,0.557807281854382,0.0,1.3570292987760966,0.0
lankao_mc_100,lankao_typical_event_001,灾前准备,1,6,0.0,0.0,0.0,0.0,0.0,0.0
lankao_mc_100,lankao_typical_event_001,灾害冲击,2,6,33.33333333333333,0.0,0.9141868076804386,0.0,1.2849659657921753,0.0
lankao_mc_100,lankao_typical_event_001,灾害持续,3,12,100.0,0.0,1.3432257342423561,0.0,11.672642842929775,0.0
lankao_mc_100,lankao_typical_event_001,灾后恢复,4,12,16.666666666666664,0.0,0.27180756475028583,0.0,0.3745740055476962,0.0
lankao_mc_101,lankao_typical_event_001,灾前准备,1,6,0.0,0.0,0.0,0.0,0.0,0.0
lankao_mc_101,lankao_typical_event_001,灾害冲击,2,6,50.0,0.0,1.0950023944145204,0.0,1.561288282621764,0.0
lankao_mc_101,lankao_typical_event_001,灾害持续,3,12,100.0,0.0,1.7480521297653278,0.0,15.241153587393738,0.0
lankao_mc_101,lankao_typical_event_001,灾后恢复,4,12,50.0,0.0,0.619513248642279,0.0,1.2331317914528774,0.0
lankao_mc_102,lankao_typical_event_001,灾前准备,1,6,0.0,0.0,0.0,0.0,0.0,0.0
lankao_mc_102,lankao_typical_event_001,灾害冲击,2,6,50.0,0.0,0.9744097108826438,0.0,1.3667595538368038,0.0
lankao_mc_102,lankao_typical_event_001,灾害持续,3,12,100.0,0.0,1.5542683566930582,0.0,14.277001651914444,0.0
lankao_mc_102,lankao_typical_event_001,灾后恢复,4,12,50.0,0.0,0.5764046833547793,0.0,1.5197547084074945,0.0
lankao_mc_103,lankao_typical_event_001,灾前准备,1,6,0.0,0.0,0.0,0.0,0.0,0.0
lankao_mc_103,lankao_typical_event_001,灾害冲击,2,6,33.33333333333333,0.0,0.9724279865993692,0.0,1.4465683530889477,0.0
lankao_mc_103,lankao_typical_event_001,灾害持续,3,12,100.0,0.0,1.5817497600383132,0.0,13.258260379434955,0.0
lankao_mc_103,lankao_typical_event_001,灾后恢复,4,12,25.0,0.0,0.44316443347334217,0.0,0.7329313627796503,0.0
lankao_mc_104,lankao_typical_event_001,灾前准备,1,6,0.0,0.0,0.0,0.0,0.0,0.0
lankao_mc_104,lankao_typical_event_001,灾害冲击,2,6,50.0,0.0,1.0399282120353146,0.0,1.7382463695762245,0.0
lankao_mc_104,lankao_typical_event_001,灾害持续,3,12,100.0,0.0,1.464513353310509,0.0,12.793652586449006,0.0
lankao_mc_104,lankao_typical_event_001,灾后恢复,4,12,25.0,0.0,0.39892384388520097,0.0,0.6117796360383608,0.0
lankao_mc_105,lankao_typical_event_001,灾前准备,1,6,0.0,0.0,0.0,0.0,0.0,0.0
lankao_mc_105,lankao_typical_event_001,灾害冲击,2,6,50.0,0.0,1.1645730819733318,0.0,1.7587706261538054,0.0
lankao_mc_105,lankao_typical_event_001,灾害持续,3,12,100.0,0.0,1.6749938861710947,0.0,14.854822815637585,0.0
lankao_mc_105,lankao_typical_event_001,灾后恢复,4,12,58.333333333333336,8.333333333333332,0.6206625351824109,0.13675603189975039,1.1326510315787457,0.13675603189975039
lankao_mc_106,lankao_typical_event_001,灾前准备,1,6,0.0,0.0,0.0,0.0,0.0,0.0
lankao_mc_106,lankao_typical_event_001,灾害冲击,2,6,33.33333333333333,0.0,0.7936990240746373,0.0,0.9038136210029328,0.0
lankao_mc_106,lankao_typical_event_001,灾害持续,3,12,100.0,0.0,1.2579143611898653,0.0,10.169303673510324,0.0
lankao_mc_106,lankao_typical_event_001,灾后恢复,4,12,16.666666666666664,8.333333333333332,0.31274512406378474,0.043162445768919894,0.39448719356093975,0.043162445768919894
lankao_mc_107,lankao_typical_event_001,灾前准备,1,6,0.0,0.0,0.0,0.0,0.0,0.0
lankao_mc_107,lankao_typical_event_001,灾害冲击,2,6,50.0,0.0,1.1606555124279616,0.0,1.795633426241435,0.0
lankao_mc_107,lankao_typical_event_001,灾害持续,3,12,100.0,0.0,1.5928883816982369,0.0,15.231476449654725,0.0
lankao_mc_107,lankao_typical_event_001,灾后恢复,4,12,58.333333333333336,0.0,0.5817065130390956,0.0,1.4787457127803534,0.0
lankao_mc_108,lankao_typical_event_001,灾前准备,1,6,0.0,0.0,0.0,0.0,0.0,0.0
lankao_mc_108,lankao_typical_event_001,灾害冲击,2,6,33.33333333333333,0.0,1.0540605996622363,0.0,1.3568198951894512,0.0
lankao_mc_108,lankao_typical_event_001,灾害持续,3,12,100.0,0.0,1.5578742685857796,0.0,13.425092806153195,0.0
lankao_mc_108,lankao_typical_event_001,灾后恢复,4,12,25.0,0.0,0.4336019472448971,0.0,0.7759453361986025,0.0
lankao_mc_109,lankao_typical_event_001,灾前准备,1,6,0.0,0.0,0.0,0.0,0.0,0.0
lankao_mc_109,lankao_typical_event_001,灾害冲击,2,6,33.33333333333333,0.0,1.1063204800241533,0.0,1.4519981449223598,0.0
lankao_mc_109,lankao_typical_event_001,灾害持续,3,12,100.0,0.0,1.6016483646891428,0.0,13.672408002984483,0.0
lankao_mc_109,lankao_typical_event_001,灾后恢复,4,12,58.333333333333336,8.333333333333332,0.6015318947682606,0.423853444087351,1.5427711694408615,0.423853444087351
lankao_mc_110,lankao_typical_event_001,灾前准备,1,6,0.0,0.0,0.0,0.0,0.0,0.0
lankao_mc_110,lankao_typical_event_001,灾害冲击,2,6,50.0,0.0,1.0745048784907207,0.0,1.6863939318769283,0.0
lankao_mc_110,lankao_typical_event_001,灾害持续,3,12,100.0,0.0,1.6359477000818816,0.0,13.785793826954917,0.0
lankao_mc_110,lankao_typical_event_001,灾后恢复,4,12,50.0,0.0,0.506529833293845,0.0,1.1159087377694124,0.0
lankao_mc_111,lankao_typical_event_001,灾前准备,1,6,0.0,0.0,0.0,0.0,0.0,0.0
lankao_mc_111,lankao_typical_event_001,灾害冲击,2,6,33.33333333333333,0.0,0.7247860037264526,0.0,1.0198672323729043,0.0
lankao_mc_111,lankao_typical_event_001,灾害持续,3,12,100.0,0.0,1.3078978390433893,0.0,10.659829173183041,0.0
lankao_mc_111,lankao_typical_event_001,灾后恢复,4,12,16.666666666666664,8.333333333333332,0.2938844408928794,0.0870186348570893,0.4943603953375626,0.0870186348570893
lankao_mc_112,lankao_typical_event_001,灾前准备,1,6,0.0,0.0,0.0,0.0,0.0,0.0
lankao_mc_112,lankao_typical_event_001,灾害冲击,2,6,33.33333333333333,0.0,1.0143040405997863,0.0,1.3690743213542014,0.0
lankao_mc_112,lankao_typical_event_001,灾害持续,3,12,100.0,0.0,1.4291044142125644,0.0,12.444023612938528,0.0
lankao_mc_112,lankao_typical_event_001,灾后恢复,4,12,25.0,0.0,0.39580686801202947,0.0,0.6739343325744803,0.0
lankao_mc_113,lankao_typical_event_001,灾前准备,1,6,0.0,0.0,0.0,0.0,0.0,0.0
lankao_mc_113,lankao_typical_event_001,灾害冲击,2,6,50.0,0.0,1.0043919244179147,0.0,1.6748022324386462,0.0
lankao_mc_113,lankao_typical_event_001,灾害持续,3,12,100.0,0.0,1.582866424910834,0.0,14.256682696481363,0.0
lankao_mc_113,lankao_typical_event_001,灾后恢复,4,12,25.0,0.0,0.5362483060744891,0.0,0.9018231175314102,0.0
lankao_mc_114,lankao_typical_event_001,灾前准备,1,6,0.0,0.0,0.0,0.0,0.0,0.0
lankao_mc_114,lankao_typical_event_001,灾害冲击,2,6,50.0,0.0,0.9106760488513858,0.0,1.4889453351983168,0.0
lankao_mc_114,lankao_typical_event_001,灾害持续,3,12,100.0,0.0,1.732860221012017,0.0,15.748460911096316,0.0
lankao_mc_114,lankao_typical_event_001,灾后恢复,4,12,58.333333333333336,0.0,0.7913201836683991,0.0,3.1153498097678556,0.0
lankao_mc_115,lankao_typical_event_001,灾前准备,1,6,0.0,0.0,0.0,0.0,0.0,0.0
lankao_mc_115,lankao_typical_event_001,灾害冲击,2,6,50.0,0.0,1.1055521979396477,0.0,1.8485831363491472,0.0
lankao_mc_115,lankao_typical_event_001,灾害持续,3,12,100.0,0.0,1.601877823448366,0.0,14.043583214580794,0.0
lankao_mc_115,lankao_typical_event_001,灾后恢复,4,12,33.33333333333333,0.0,0.44983842135148133,0.0,0.8700770293672333,0.0
lankao_mc_116,lankao_typical_event_001,灾前准备,1,6,0.0,0.0,0.0,0.0,0.0,0.0
lankao_mc_116,lankao_typical_event_001,灾害冲击,2,6,33.33333333333333,0.0,1.2587316117142826,0.0,1.9144319469178486,0.0
lankao_mc_116,lankao_typical_event_001,灾害持续,3,12,100.0,0.0,1.8876427755798952,0.0,16.731793703454517,0.0
lankao_mc_116,lankao_typical_event_001,灾后恢复,4,12,58.333333333333336,0.0,0.6985128406773277,0.0,1.7517357730231355,0.0
lankao_mc_117,lankao_typical_event_001,灾前准备,1,6,0.0,0.0,0.0,0.0,0.0,0.0
lankao_mc_117,lankao_typical_event_001,灾害冲击,2,6,33.33333333333333,0.0,0.7428554827191449,0.0,0.8955025071421902,0.0
lankao_mc_117,lankao_typical_event_001,灾害持续,3,12,100.0,0.0,1.349157921937129,0.0,11.817662339564842,0.0
lankao_mc_117,lankao_typical_event_001,灾后恢复,4,12,16.666666666666664,0.0,0.3536333495621764,0.0,0.4743771743912475,0.0
lankao_mc_118,lankao_typical_event_001,灾前准备,1,6,0.0,0.0,0.0,0.0,0.0,0.0
lankao_mc_118,lankao_typical_event_001,灾害冲击,2,6,33.33333333333333,0.0,0.7823634848440821,0.0,1.079795559392704,0.0
lankao_mc_118,lankao_typical_event_001,灾害持续,3,12,100.0,0.0,1.4234813036730187,0.0,12.088083905624327,0.0
lankao_mc_118,lankao_typical_event_001,灾后恢复,4,12,33.33333333333333,0.0,0.40056756674332855,0.0,0.6318367582801008,0.0
lankao_mc_119,lankao_typical_event_001,灾前准备,1,6,0.0,0.0,0.0,0.0,0.0,0.0
lankao_mc_119,lankao_typical_event_001,灾害冲击,2,6,50.0,0.0,1.0963473654764675,0.0,1.6835110739201562,0.0
lankao_mc_119,lankao_typical_event_001,灾害持续,3,12,100.0,0.0,1.5369063376809278,0.0,14.086630160438327,0.0
lankao_mc_119,lankao_typical_event_001,灾后恢复,4,12,41.66666666666667,0.0,0.4494116688310129,0.0,1.0722146397170602,0.0
lankao_mc_120,lankao_typical_event_001,灾前准备,1,6,0.0,0.0,0.0,0.0,0.0,0.0
lankao_mc_120,lankao_typical_event_001,灾害冲击,2,6,50.0,0.0,1.0445695768467294,0.0,1.5086049095365521,0.0
lankao_mc_120,lankao_typical_event_001,灾害持续,3,12,100.0,0.0,1.7066272909944578,0.0,16.095454265736766,0.0
lankao_mc_120,lankao_typical_event_001,灾后恢复,4,12,58.333333333333336,0.0,0.6321478121378281,0.0,2.3851514454287135,0.0
lankao_mc_121,lankao_typical_event_001,灾前准备,1,6,0.0,0.0,0.0,0.0,0.0,0.0
lankao_mc_121,lankao_typical_event_001,灾害冲击,2,6,50.0,0.0,0.9908088709621632,0.0,1.5348485394567093,0.0
lankao_mc_121,lankao_typical_event_001,灾害持续,3,12,100.0,0.0,1.8374699834076436,0.0,16.7966784974199,0.0
lankao_mc_121,lankao_typical_event_001,灾后恢复,4,12,58.333333333333336,0.0,0.8142705158591944,0.0,2.126950708137963,0.0
lankao_mc_122,lankao_typical_event_001,灾前准备,1,6,0.0,0.0,0.0,0.0,0.0,0.0
lankao_mc_122,lankao_typical_event_001,灾害冲击,2,6,50.0,0.0,1.050222140616151,0.0,1.6050078035029007,0.0
lankao_mc_122,lankao_typical_event_001,灾害持续,3,12,100.0,0.0,1.4521821810722042,0.0,14.321230892773249,0.0
lankao_mc_122,lankao_typical_event_001,灾后恢复,4,12,58.333333333333336,0.0,0.4711754033391029,0.0,0.987090233748917,0.0
lankao_mc_123,lankao_typical_event_001,灾前准备,1,6,0.0,0.0,0.0,0.0,0.0,0.0
lankao_mc_123,lankao_typical_event_001,灾害冲击,2,6,50.0,0.0,1.1513044285677412,0.0,1.9554471935165494,0.0
lankao_mc_123,lankao_typical_event_001,灾害持续,3,12,100.0,0.0,1.7273759838964478,0.0,16.18701940877858,0.0
lankao_mc_123,lankao_typical_event_001,灾后恢复,4,12,58.333333333333336,0.0,0.537961578402544,0.0,1.3410967844775863,0.0
lankao_mc_124,lankao_typical_event_001,灾前准备,1,6,0.0,0.0,0.0,0.0,0.0,0.0
lankao_mc_124,lankao_typical_event_001,灾害冲击,2,6,33.33333333333333,0.0,0.944749810271122,0.0,1.3066654920600265,0.0
lankao_mc_124,lankao_typical_event_001,灾害持续,3,12,100.0,0.0,1.5580432380566642,0.0,14.913784842523894,0.0
lankao_mc_124,lankao_typical_event_001,灾后恢复,4,12,25.0,8.333333333333332,0.5524081959873364,0.010390235450308864,0.9951437097709881,0.010390235450308864
lankao_mc_125,lankao_typical_event_001,灾前准备,1,6,0.0,0.0,0.0,0.0,0.0,0.0
lankao_mc_125,lankao_typical_event_001,灾害冲击,2,6,33.33333333333333,0.0,0.5966893593006973,0.0,0.7109889052475886,0.0
lankao_mc_125,lankao_typical_event_001,灾害持续,3,12,100.0,0.0,1.3709072371392532,0.0,10.896854142501397,0.0
lankao_mc_125,lankao_typical_event_001,灾后恢复,4,12,25.0,0.0,0.34708330036808194,0.0,0.6178710053923383,0.0
lankao_mc_126,lankao_typical_event_001,灾前准备,1,6,0.0,0.0,0.0,0.0,0.0,0.0
lankao_mc_126,lankao_typical_event_001,灾害冲击,2,6,33.33333333333333,0.0,0.9494142062087461,0.0,1.3271355072371176,0.0
lankao_mc_126,lankao_typical_event_001,灾害持续,3,12,100.0,0.0,1.5440013391853995,0.0,12.716133481445002,0.0
lankao_mc_126,lankao_typical_event_001,灾后恢复,4,12,25.0,8.333333333333332,0.4312614668258068,0.08900991689846433,0.6884409312786666,0.08900991689846433
lankao_mc_127,lankao_typical_event_001,灾前准备,1,6,0.0,0.0,0.0,0.0,0.0,0.0
lankao_mc_127,lankao_typical_event_001,灾害冲击,2,6,50.0,0.0,1.0437923513316187,0.0,1.794282764975631,0.0
lankao_mc_127,lankao_typical_event_001,灾害持续,3,12,100.0,0.0,1.6189026642440827,0.0,15.02993050099737,0.0
lankao_mc_127,lankao_typical_event_001,灾后恢复,4,12,58.333333333333336,0.0,0.5165835013152209,0.0,1.2691980033230568,0.0
lankao_mc_128,lankao_typical_event_001,灾前准备,1,6,0.0,0.0,0.0,0.0,0.0,0.0
lankao_mc_128,lankao_typical_event_001,灾害冲击,2,6,50.0,0.0,1.0975661737192763,0.0,1.6652303936714015,0.0
lankao_mc_128,lankao_typical_event_001,灾害持续,3,12,100.0,0.0,1.555440887646057,0.0,13.807239166942933,0.0
lankao_mc_128,lankao_typical_event_001,灾后恢复,4,12,41.66666666666667,0.0,0.6385508895972289,0.0,1.4280592757688573,0.0
lankao_mc_129,lankao_typical_event_001,灾前准备,1,6,0.0,0.0,0.0,0.0,0.0,0.0
lankao_mc_129,lankao_typical_event_001,灾害冲击,2,6,33.33333333333333,0.0,1.0258471870311738,0.0,1.3643776527664304,0.0
lankao_mc_129,lankao_typical_event_001,灾害持续,3,12,100.0,0.0,1.6289498010629466,0.0,14.269272700907134,0.0
lankao_mc_129,lankao_typical_event_001,灾后恢复,4,12,58.333333333333336,0.0,0.5601193251506037,0.0,1.777026123285663,0.0
lankao_mc_130,lankao_typical_event_001,灾前准备,1,6,0.0,0.0,0.0,0.0,0.0,0.0
lankao_mc_130,lankao_typical_event_001,灾害冲击,2,6,50.0,0.0,1.0875557888243925,0.0,2.034947826555971,0.0
lankao_mc_130,lankao_typical_event_001,灾害持续,3,12,100.0,0.0,1.632485068341799,0.0,14.924496079986374,0.0
lankao_mc_130,lankao_typical_event_001,灾后恢复,4,12,58.333333333333336,0.0,0.5510521430365934,0.0,1.3266351365313178,0.0
lankao_mc_131,lankao_typical_event_001,灾前准备,1,6,0.0,0.0,0.0,0.0,0.0,0.0
lankao_mc_131,lankao_typical_event_001,灾害冲击,2,6,50.0,0.0,1.1731606978093942,0.0,1.708092729016832,0.0
lankao_mc_131,lankao_typical_event_001,灾害持续,3,12,100.0,0.0,1.7604724191125156,0.0,15.911407705603915,0.0
lankao_mc_131,lankao_typical_event_001,灾后恢复,4,12,58.333333333333336,0.0,0.7825525498256356,0.0,2.66782483985489,0.0
lankao_mc_132,lankao_typical_event_001,灾前准备,1,6,0.0,0.0,0.0,0.0,0.0,0.0
lankao_mc_132,lankao_typical_event_001,灾害冲击,2,6,50.0,0.0,1.055119482685967,0.0,1.7272497923519692,0.0
lankao_mc_132,lankao_typical_event_001,灾害持续,3,12,100.0,0.0,1.6214251784417728,0.0,15.191600051495593,0.0
lankao_mc_132,lankao_typical_event_001,灾后恢复,4,12,58.333333333333336,0.0,0.6517766693412121,0.0,1.6764094641698462,0.0
lankao_mc_133,lankao_typical_event_001,灾前准备,1,6,0.0,0.0,0.0,0.0,0.0,0.0
lankao_mc_133,lankao_typical_event_001,灾害冲击,2,6,33.33333333333333,0.0,0.6298843595411447,0.0,0.6867123048877743,0.0
lankao_mc_133,lankao_typical_event_001,灾害持续,3,12,100.0,0.0,1.3879236359305578,0.0,11.1578670877864,0.0
lankao_mc_133,lankao_typical_event_001,灾后恢复,4,12,16.666666666666664,0.0,0.35015034274648393,0.0,0.4235084612669644,0.0
lankao_mc_134,lankao_typical_event_001,灾前准备,1,6,0.0,0.0,0.0,0.0,0.0,0.0
lankao_mc_134,lankao_typical_event_001,灾害冲击,2,6,50.0,0.0,1.051870985253739,0.0,1.7986446016703828,0.0
lankao_mc_134,lankao_typical_event_001,灾害持续,3,12,100.0,0.0,1.5431085447738535,0.0,14.28204487318956,0.0
lankao_mc_134,lankao_typical_event_001,灾后恢复,4,12,50.0,0.0,0.6084872497353309,0.0,1.3896097394189333,0.0
lankao_mc_135,lankao_typical_event_001,灾前准备,1,6,0.0,0.0,0.0,0.0,0.0,0.0
lankao_mc_135,lankao_typical_event_001,灾害冲击,2,6,33.33333333333333,0.0,0.913558248118736,0.0,1.181572452959619,0.0
lankao_mc_135,lankao_typical_event_001,灾害持续,3,12,100.0,0.0,1.480559903192936,0.0,13.453643292611307,0.0
lankao_mc_135,lankao_typical_event_001,灾后恢复,4,12,33.33333333333333,8.333333333333332,0.6196765952082525,0.24453136054693528,1.3253523033791672,0.24453136054693528
lankao_mc_136,lankao_typical_event_001,灾前准备,1,6,0.0,0.0,0.0,0.0,0.0,0.0
lankao_mc_136,lankao_typical_event_001,灾害冲击,2,6,33.33333333333333,0.0,0.9872431086403332,0.0,1.3563955431660415,0.0
lankao_mc_136,lankao_typical_event_001,灾害持续,3,12,100.0,0.0,1.5821349689524062,0.0,13.94280011559032,0.0
lankao_mc_136,lankao_typical_event_001,灾后恢复,4,12,33.33333333333333,0.0,0.6054480798594785,0.0,1.1393100445254538,0.0
lankao_mc_137,lankao_typical_event_001,灾前准备,1,6,0.0,0.0,0.0,0.0,0.0,0.0
lankao_mc_137,lankao_typical_event_001,灾害冲击,2,6,50.0,0.0,1.1514851015010281,0.0,2.092815163061923,0.0
lankao_mc_137,lankao_typical_event_001,灾害持续,3,12,100.0,0.0,1.7204148732818534,0.0,14.971554277675478,0.0
lankao_mc_137,lankao_typical_event_001,灾后恢复,4,12,58.333333333333336,0.0,0.6285499113008841,0.0,1.5439854545974423,0.0
lankao_mc_138,lankao_typical_event_001,灾前准备,1,6,0.0,0.0,0.0,0.0,0.0,0.0
lankao_mc_138,lankao_typical_event_001,灾害冲击,2,6,16.666666666666664,0.0,0.36875798766208184,0.0,0.36875798766208184,0.0
lankao_mc_138,lankao_typical_event_001,灾害持续,3,12,100.0,0.0,1.3103336705188857,0.0,9.035326771497967,0.0
lankao_mc_138,lankao_typical_event_001,灾后恢复,4,12,8.333333333333332,8.333333333333332,0.04804573620151109,0.10543111404588922,0.04804573620151109,0.10543111404588922
lankao_mc_139,lankao_typical_event_001,灾前准备,1,6,0.0,0.0,0.0,0.0,0.0,0.0
lankao_mc_139,lankao_typical_event_001,灾害冲击,2,6,33.33333333333333,0.0,0.8159000030489635,0.0,1.2079171583267905,0.0
lankao_mc_139,lankao_typical_event_001,灾害持续,3,12,100.0,0.0,1.6411733363956162,0.0,14.712936937063906,0.0
lankao_mc_139,lankao_typical_event_001,灾后恢复,4,12,58.333333333333336,0.0,0.4950695968642888,0.0,1.3792158106086476,0.0
lankao_mc_140,lankao_typical_event_001,灾前准备,1,6,0.0,0.0,0.0,0.0,0.0,0.0
lankao_mc_140,lankao_typical_event_001,灾害冲击,2,6,33.33333333333333,0.0,0.788799514810452,0.0,1.229705093582393,0.0
lankao_mc_140,lankao_typical_event_001,灾害持续,3,12,100.0,0.0,1.4910103452904264,0.0,13.08035299698961,0.0
lankao_mc_140,lankao_typical_event_001,灾后恢复,4,12,58.333333333333336,0.0,0.6318800073858374,0.0,1.509259831118528,0.0
lankao_mc_141,lankao_typical_event_001,灾前准备,1,6,0.0,0.0,0.0,0.0,0.0,0.0
lankao_mc_141,lankao_typical_event_001,灾害冲击,2,6,33.33333333333333,0.0,1.0534026080619263,0.0,1.5311293622158382,0.0
lankao_mc_141,lankao_typical_event_001,灾害持续,3,12,100.0,0.0,1.5593230714607456,0.0,13.549406270587173,0.0
lankao_mc_141,lankao_typical_event_001,灾后恢复,4,12,50.0,0.0,0.34449244079950514,0.0,0.7908824421054942,0.0
lankao_mc_142,lankao_typical_event_001,灾前准备,1,6,0.0,0.0,0.0,0.0,0.0,0.0
lankao_mc_142,lankao_typical_event_001,灾害冲击,2,6,33.33333333333333,0.0,0.7377328362478351,0.0,0.8718749512031654,0.0
lankao_mc_142,lankao_typical_event_001,灾害持续,3,12,100.0,0.0,1.4715239108967493,0.0,11.759590200337533,0.0
lankao_mc_142,lankao_typical_event_001,灾后恢复,4,12,33.33333333333333,0.0,0.6009175015234823,0.0,1.0911143828558798,0.0
lankao_mc_143,lankao_typical_event_001,灾前准备,1,6,0.0,0.0,0.0,0.0,0.0,0.0
lankao_mc_143,lankao_typical_event_001,灾害冲击,2,6,50.0,0.0,0.9115001303605091,0.0,1.4308812704153158,0.0
lankao_mc_143,lankao_typical_event_001,灾害持续,3,12,100.0,0.0,1.4872819881336277,0.0,13.440454371764156,0.0
lankao_mc_143,lankao_typical_event_001,灾后恢复,4,12,58.333333333333336,0.0,0.5354274761001354,0.0,1.5090206506981907,0.0
lankao_mc_144,lankao_typical_event_001,灾前准备,1,6,0.0,0.0,0.0,0.0,0.0,0.0
lankao_mc_144,lankao_typical_event_001,灾害冲击,2,6,33.33333333333333,0.0,0.7021622968255465,0.0,0.8762263469395456,0.0
lankao_mc_144,lankao_typical_event_001,灾害持续,3,12,100.0,0.0,1.558309409925455,0.0,12.395105151111105,0.0
lankao_mc_144,lankao_typical_event_001,灾后恢复,4,12,33.33333333333333,0.0,0.5148674016868205,0.0,1.1207136980156684,0.0
lankao_mc_145,lankao_typical_event_001,灾前准备,1,6,0.0,0.0,0.0,0.0,0.0,0.0
lankao_mc_145,lankao_typical_event_001,灾害冲击,2,6,50.0,0.0,0.9618949788615124,0.0,1.6015519326799774,0.0
lankao_mc_145,lankao_typical_event_001,灾害持续,3,12,100.0,0.0,1.758033883616701,0.0,16.108548282530986,0.0
lankao_mc_145,lankao_typical_event_001,灾后恢复,4,12,58.333333333333336,0.0,0.6112995000978019,0.0,1.7476731288117529,0.0
lankao_mc_146,lankao_typical_event_001,灾前准备,1,6,0.0,0.0,0.0,0.0,0.0,0.0
lankao_mc_146,lankao_typical_event_001,灾害冲击,2,6,33.33333333333333,0.0,0.916542513387838,0.0,1.2089780790119584,0.0
lankao_mc_146,lankao_typical_event_001,灾害持续,3,12,100.0,0.0,1.4554098371623512,0.0,12.889221334227425,0.0
lankao_mc_146,lankao_typical_event_001,灾后恢复,4,12,33.33333333333333,0.0,0.534208107142136,0.0,1.0044547603563208,0.0
lankao_mc_147,lankao_typical_event_001,灾前准备,1,6,0.0,0.0,0.0,0.0,0.0,0.0
lankao_mc_147,lankao_typical_event_001,灾害冲击,2,6,33.33333333333333,0.0,0.7449334294460394,0.0,1.0181686629512336,0.0
lankao_mc_147,lankao_typical_event_001,灾害持续,3,12,100.0,0.0,1.4670408007790057,0.0,10.933576784821003,0.0
lankao_mc_147,lankao_typical_event_001,灾后恢复,4,12,16.666666666666664,8.333333333333332,0.41957236552073374,0.3301267572626887,0.6159425353514334,0.3301267572626887
lankao_mc_148,lankao_typical_event_001,灾前准备,1,6,0.0,0.0,0.0,0.0,0.0,0.0
lankao_mc_148,lankao_typical_event_001,灾害冲击,2,6,33.33333333333333,0.0,0.7138421193202542,0.0,0.8765108986685911,0.0
lankao_mc_148,lankao_typical_event_001,灾害持续,3,12,100.0,0.0,1.4367204554429787,0.0,11.20071910641692,0.0
lankao_mc_148,lankao_typical_event_001,灾后恢复,4,12,16.666666666666664,0.0,0.42316365412123536,0.0,0.591885840789136,0.0
lankao_mc_149,lankao_typical_event_001,灾前准备,1,6,0.0,0.0,0.0,0.0,0.0,0.0
lankao_mc_149,lankao_typical_event_001,灾害冲击,2,6,33.33333333333333,0.0,0.9899006650580684,0.0,1.4807579578986894,0.0
lankao_mc_149,lankao_typical_event_001,灾害持续,3,12,100.0,0.0,1.45892547545341,0.0,13.27492305893729,0.0
lankao_mc_149,lankao_typical_event_001,灾后恢复,4,12,33.33333333333333,0.0,0.4941901959818276,0.0,0.7359922118036001,0.0
lankao_mc_150,lankao_typical_event_001,灾前准备,1,6,0.0,0.0,0.0,0.0,0.0,0.0
lankao_mc_150,lankao_typical_event_001,灾害冲击,2,6,33.33333333333333,0.0,0.9218398758061792,0.0,1.3604109511992093,0.0
lankao_mc_150,lankao_typical_event_001,灾害持续,3,12,100.0,0.0,1.6713108906395482,0.0,15.337545026336135,0.0
lankao_mc_150,lankao_typical_event_001,灾后恢复,4,12,25.0,0.0,0.4872703563213289,0.0,0.8227689003949109,0.0
lankao_mc_151,lankao_typical_event_001,灾前准备,1,6,0.0,0.0,0.0,0.0,0.0,0.0
lankao_mc_151,lankao_typical_event_001,灾害冲击,2,6,33.33333333333333,0.0,0.8631129739806124,0.0,1.2332614326145004,0.0
lankao_mc_151,lankao_typical_event_001,灾害持续,3,12,100.0,0.0,1.72686336879523,0.0,14.36275612165129,0.0
lankao_mc_151,lankao_typical_event_001,灾后恢复,4,12,33.33333333333333,0.0,0.48084467293105215,0.0,0.781464419203854,0.0
lankao_mc_152,lankao_typical_event_001,灾前准备,1,6,0.0,0.0,0.0,0.0,0.0,0.0
lankao_mc_152,lankao_typical_event_001,灾害冲击,2,6,33.33333333333333,0.0,0.6032208789490048,0.0,0.6283096197457212,0.0
lankao_mc_152,lankao_typical_event_001,灾害持续,3,12,100.0,0.0,1.1780077532893845,0.0,10.799135845177952,0.0
lankao_mc_152,lankao_typical_event_001,灾后恢复,4,12,16.666666666666664,8.333333333333332,0.37806870052469776,0.15758833705989927,0.5867592775727994,0.15758833705989927
lankao_mc_153,lankao_typical_event_001,灾前准备,1,6,0.0,0.0,0.0,0.0,0.0,0.0
lankao_mc_153,lankao_typical_event_001,灾害冲击,2,6,33.33333333333333,0.0,0.9189710192813296,0.0,1.0968330603911094,0.0
lankao_mc_153,lankao_typical_event_001,灾害持续,3,12,100.0,0.0,1.6540181763929145,0.0,14.168778217693017,0.0
lankao_mc_153,lankao_typical_event_001,灾后恢复,4,12,41.66666666666667,0.0,0.5908388969153896,0.0,1.2809374391893624,0.0
lankao_mc_154,lankao_typical_event_001,灾前准备,1,6,0.0,0.0,0.0,0.0,0.0,0.0
lankao_mc_154,lankao_typical_event_001,灾害冲击,2,6,50.0,0.0,1.184305158486395,0.0,1.794803455455564,0.0
lankao_mc_154,lankao_typical_event_001,灾害持续,3,12,100.0,0.0,1.5918921866503626,0.0,14.566854689592347,0.0
lankao_mc_154,lankao_typical_event_001,灾后恢复,4,12,58.333333333333336,8.333333333333332,0.5965791633052452,0.16968842376682103,1.5844565471365235,0.16968842376682103
lankao_mc_155,lankao_typical_event_001,灾前准备,1,6,0.0,0.0,0.0,0.0,0.0,0.0
lankao_mc_155,lankao_typical_event_001,灾害冲击,2,6,33.33333333333333,0.0,0.8994555073174337,0.0,1.3426293982095627,0.0
lankao_mc_155,lankao_typical_event_001,灾害持续,3,12,100.0,0.0,1.530898937034789,0.0,12.492516754909397,0.0
lankao_mc_155,lankao_typical_event_001,灾后恢复,4,12,58.333333333333336,0.0,0.48440160101859775,0.0,1.312214277666088,0.0
lankao_mc_156,lankao_typical_event_001,灾前准备,1,6,0.0,0.0,0.0,0.0,0.0,0.0
lankao_mc_156,lankao_typical_event_001,灾害冲击,2,6,33.33333333333333,0.0,1.0688379564960029,0.0,1.5019625130754106,0.0
lankao_mc_156,lankao_typical_event_001,灾害持续,3,12,100.0,0.0,1.49158805620135,0.0,13.766818982959952,0.0
lankao_mc_156,lankao_typical_event_001,灾后恢复,4,12,33.33333333333333,8.333333333333332,0.366242263156527,0.08828689696664235,0.6103216143300523,0.08828689696664235
lankao_mc_157,lankao_typical_event_001,灾前准备,1,6,0.0,0.0,0.0,0.0,0.0,0.0
lankao_mc_157,lankao_typical_event_001,灾害冲击,2,6,33.33333333333333,0.0,0.8449076715993659,0.0,1.2019459912610146,0.0
lankao_mc_157,lankao_typical_event_001,灾害持续,3,12,100.0,0.0,1.488769011024821,0.0,13.106902802745225,0.0
lankao_mc_157,lankao_typical_event_001,灾后恢复,4,12,33.33333333333333,0.0,0.40234351993536693,0.0,0.5817784082235733,0.0
lankao_mc_158,lankao_typical_event_001,灾前准备,1,6,0.0,0.0,0.0,0.0,0.0,0.0
lankao_mc_158,lankao_typical_event_001,灾害冲击,2,6,50.0,0.0,1.086020736931196,0.0,1.71842197785847,0.0
lankao_mc_158,lankao_typical_event_001,灾害持续,3,12,100.0,0.0,1.5879810735700948,0.0,14.399077948845743,0.0
lankao_mc_158,lankao_typical_event_001,灾后恢复,4,12,33.33333333333333,0.0,0.5608676922475926,0.0,0.9892860205264704,0.0
lankao_mc_159,lankao_typical_event_001,灾前准备,1,6,0.0,0.0,0.0,0.0,0.0,0.0
lankao_mc_159,lankao_typical_event_001,灾害冲击,2,6,33.33333333333333,0.0,0.7371845869877156,0.0,0.9147709336895973,0.0
lankao_mc_159,lankao_typical_event_001,灾害持续,3,12,100.0,0.0,1.2956792003835333,0.0,11.2301223658876,0.0
lankao_mc_159,lankao_typical_event_001,灾后恢复,4,12,16.666666666666664,8.333333333333332,0.42866990014117,0.07917539610699668,0.6317049979859712,0.07917539610699668
lankao_mc_160,lankao_typical_event_001,灾前准备,1,6,0.0,0.0,0.0,0.0,0.0,0.0
lankao_mc_160,lankao_typical_event_001,灾害冲击,2,6,33.33333333333333,0.0,1.0383716033678323,0.0,1.3236372366351827,0.0
lankao_mc_160,lankao_typical_event_001,灾害持续,3,12,100.0,0.0,1.6205491992062673,0.0,15.101322635074338,0.0
lankao_mc_160,lankao_typical_event_001,灾后恢复,4,12,58.333333333333336,0.0,0.7038811839568984,0.0,1.9929757545412268,0.0
lankao_mc_161,lankao_typical_event_001,灾前准备,1,6,0.0,0.0,0.0,0.0,0.0,0.0
lankao_mc_161,lankao_typical_event_001,灾害冲击,2,6,50.0,0.0,1.0053364279153252,0.0,1.7541129775761113,0.0
lankao_mc_161,lankao_typical_event_001,灾害持续,3,12,100.0,0.0,1.888136883377484,0.0,17.521331424849116,0.0
lankao_mc_161,lankao_typical_event_001,灾后恢复,4,12,58.333333333333336,0.0,0.6918145120706504,0.0,1.6125664858787976,0.0
lankao_mc_162,lankao_typical_event_001,灾前准备,1,6,0.0,0.0,0.0,0.0,0.0,0.0
lankao_mc_162,lankao_typical_event_001,灾害冲击,2,6,50.0,0.0,1.1974047344524061,0.0,1.9645632379872786,0.0
lankao_mc_162,lankao_typical_event_001,灾害持续,3,12,100.0,0.0,1.8562617412371791,0.0,17.251231904610627,0.0
lankao_mc_162,lankao_typical_event_001,灾后恢复,4,12,58.333333333333336,0.0,0.7573965742869069,0.0,2.5814419301739875,0.0
lankao_mc_163,lankao_typical_event_001,灾前准备,1,6,0.0,0.0,0.0,0.0,0.0,0.0
lankao_mc_163,lankao_typical_event_001,灾害冲击,2,6,33.33333333333333,0.0,0.5447889635936524,0.0,0.5558295140029774,0.0
lankao_mc_163,lankao_typical_event_001,灾害持续,3,12,100.0,0.0,1.3093323766592422,0.0,11.13985331723848,0.0
lankao_mc_163,lankao_typical_event_001,灾后恢复,4,12,25.0,0.0,0.4053754919033413,0.0,0.5214555413262139,0.0
lankao_mc_164,lankao_typical_event_001,灾前准备,1,6,0.0,0.0,0.0,0.0,0.0,0.0
lankao_mc_164,lankao_typical_event_001,灾害冲击,2,6,33.33333333333333,0.0,0.744285329275056,0.0,0.9321830892157672,0.0
lankao_mc_164,lankao_typical_event_001,灾害持续,3,12,100.0,0.0,1.32426329972328,0.0,11.139979767180966,0.0
lankao_mc_164,lankao_typical_event_001,灾后恢复,4,12,25.0,0.0,0.3624711172911005,0.0,0.5313211950152075,0.0
lankao_mc_165,lankao_typical_event_001,灾前准备,1,6,0.0,0.0,0.0,0.0,0.0,0.0
lankao_mc_165,lankao_typical_event_001,灾害冲击,2,6,33.33333333333333,0.0,0.9392924064616368,0.0,1.3404539106982054,0.0
lankao_mc_165,lankao_typical_event_001,灾害持续,3,12,100.0,0.0,1.582692021419483,0.0,12.904277695462975,0.0
lankao_mc_165,lankao_typical_event_001,灾后恢复,4,12,58.333333333333336,0.0,0.5743683342900731,0.0,1.369849086189052,0.0
lankao_mc_166,lankao_typical_event_001,灾前准备,1,6,0.0,0.0,0.0,0.0,0.0,0.0
lankao_mc_166,lankao_typical_event_001,灾害冲击,2,6,33.33333333333333,0.0,1.0130372016196376,0.0,1.4968654777267725,0.0
lankao_mc_166,lankao_typical_event_001,灾害持续,3,12,100.0,0.0,1.6764918317039796,0.0,14.28904863147695,0.0
lankao_mc_166,lankao_typical_event_001,灾后恢复,4,12,25.0,0.0,0.6381805879523718,0.0,1.0088856967365314,0.0
lankao_mc_167,lankao_typical_event_001,灾前准备,1,6,0.0,0.0,0.0,0.0,0.0,0.0
lankao_mc_167,lankao_typical_event_001,灾害冲击,2,6,33.33333333333333,0.0,0.9343528872190012,0.0,1.1856844218292697,0.0
lankao_mc_167,lankao_typical_event_001,灾害持续,3,12,100.0,0.0,1.5459580196322376,0.0,12.782025875150815,0.0
lankao_mc_167,lankao_typical_event_001,灾后恢复,4,12,25.0,0.0,0.5155356212967351,0.0,0.8433026247199835,0.0
lankao_mc_168,lankao_typical_event_001,灾前准备,1,6,0.0,0.0,0.0,0.0,0.0,0.0
lankao_mc_168,lankao_typical_event_001,灾害冲击,2,6,33.33333333333333,0.0,1.160218863191627,0.0,1.4833336763634315,0.0
lankao_mc_168,lankao_typical_event_001,灾害持续,3,12,100.0,0.0,1.7157040830496233,0.0,15.667469206214994,0.0
lankao_mc_168,lankao_typical_event_001,灾后恢复,4,12,50.0,0.0,0.5686654020415706,0.0,1.2975014202446824,0.0
lankao_mc_169,lankao_typical_event_001,灾前准备,1,6,0.0,0.0,0.0,0.0,0.0,0.0
lankao_mc_169,lankao_typical_event_001,灾害冲击,2,6,33.33333333333333,0.0,1.0067023872540939,0.0,1.5370625097724746,0.0
lankao_mc_169,lankao_typical_event_001,灾害持续,3,12,100.0,0.0,1.5845958336324324,0.0,14.402744908125348,0.0
lankao_mc_169,lankao_typical_event_001,灾后恢复,4,12,41.66666666666667,0.0,0.597510357284384,0.0,0.9864548283853425,0.0
lankao_mc_170,lankao_typical_event_001,灾前准备,1,6,0.0,0.0,0.0,0.0,0.0,0.0
lankao_mc_170,lankao_typical_event_001,灾害冲击,2,6,33.33333333333333,0.0,0.8128374201744182,0.0,1.1358227024160747,0.0
lankao_mc_170,lankao_typical_event_001,灾害持续,3,12,100.0,0.0,1.3131256911547562,0.0,11.769773991084602,0.0
lankao_mc_170,lankao_typical_event_001,灾后恢复,4,12,16.666666666666664,0.0,0.4016179225731732,0.0,0.6347033648628926,0.0
lankao_mc_171,lankao_typical_event_001,灾前准备,1,6,0.0,0.0,0.0,0.0,0.0,0.0
lankao_mc_171,lankao_typical_event_001,灾害冲击,2,6,33.33333333333333,0.0,0.7168009791469666,0.0,0.9898416366962051,0.0
lankao_mc_171,lankao_typical_event_001,灾害持续,3,12,100.0,0.0,1.3492216536687804,0.0,10.262062304341036,0.0
lankao_mc_171,lankao_typical_event_001,灾后恢复,4,12,16.666666666666664,8.333333333333332,0.30275699754952845,0.1874095095957806,0.37474893190495256,0.1874095095957806
lankao_mc_172,lankao_typical_event_001,灾前准备,1,6,0.0,0.0,0.0,0.0,0.0,0.0
lankao_mc_172,lankao_typical_event_001,灾害冲击,2,6,33.33333333333333,0.0,0.8408033868114294,0.0,0.9078357523220164,0.0
lankao_mc_172,lankao_typical_event_001,灾害持续,3,12,100.0,0.0,1.2126208546158368,0.0,8.960960807550217,0.0
lankao_mc_172,lankao_typical_event_001,灾后恢复,4,12,25.0,8.333333333333332,0.31108548633198735,0.33160324366835087,0.5515528543652761,0.33160324366835087
lankao_mc_173,lankao_typical_event_001,灾前准备,1,6,0.0,0.0,0.0,0.0,0.0,0.0
lankao_mc_173,lankao_typical_event_001,灾害冲击,2,6,50.0,0.0,1.1808894621377526,0.0,1.8086208320723958,0.0
lankao_mc_173,lankao_typical_event_001,灾害持续,3,12,100.0,0.0,1.7740867569272836,0.0,16.171990171667037,0.0
lankao_mc_173,lankao_typical_event_001,灾后恢复,4,12,41.66666666666667,0.0,0.5067013104901948,0.0,0.9464203722232682,0.0
lankao_mc_174,lankao_typical_event_001,灾前准备,1,6,0.0,0.0,0.0,0.0,0.0,0.0
lankao_mc_174,lankao_typical_event_001,灾害冲击,2,6,50.0,0.0,1.124760381149532,0.0,1.7828324748938562,0.0
lankao_mc_174,lankao_typical_event_001,灾害持续,3,12,100.0,0.0,1.700593681987974,0.0,15.774195674318829,0.0
lankao_mc_174,lankao_typical_event_001,灾后恢复,4,12,50.0,8.333333333333332,0.5835116418442865,0.34000512277441225,1.3192664297911971,0.34000512277441225
lankao_mc_175,lankao_typical_event_001,灾前准备,1,6,0.0,0.0,0.0,0.0,0.0,0.0
lankao_mc_175,lankao_typical_event_001,灾害冲击,2,6,33.33333333333333,0.0,0.9334665665063806,0.0,1.3427165919603503,0.0
lankao_mc_175,lankao_typical_event_001,灾害持续,3,12,100.0,0.0,1.590132325100044,0.0,13.62188933584608,0.0
lankao_mc_175,lankao_typical_event_001,灾后恢复,4,12,58.333333333333336,0.0,0.5224505272519491,0.0,1.2400918865559234,0.0
lankao_mc_176,lankao_typical_event_001,灾前准备,1,6,0.0,0.0,0.0,0.0,0.0,0.0
lankao_mc_176,lankao_typical_event_001,灾害冲击,2,6,50.0,0.0,1.0500981477159896,0.0,1.7084158956464708,0.0
lankao_mc_176,lankao_typical_event_001,灾害持续,3,12,100.0,0.0,1.7896546317012962,0.0,16.06911225588421,0.0
lankao_mc_176,lankao_typical_event_001,灾后恢复,4,12,58.333333333333336,0.0,0.6447028993585023,0.0,2.4061711812940514,0.0
lankao_mc_177,lankao_typical_event_001,灾前准备,1,6,0.0,0.0,0.0,0.0,0.0,0.0
lankao_mc_177,lankao_typical_event_001,灾害冲击,2,6,33.33333333333333,0.0,0.683491024498014,0.0,0.7319651632348579,0.0
lankao_mc_177,lankao_typical_event_001,灾害持续,3,12,100.0,0.0,1.4731851940113156,0.0,12.147500462300238,0.0
lankao_mc_177,lankao_typical_event_001,灾后恢复,4,12,50.0,8.333333333333332,0.4763726475619594,0.24521218627264188,0.8355144653986997,0.24521218627264188
lankao_mc_178,lankao_typical_event_001,灾前准备,1,6,0.0,0.0,0.0,0.0,0.0,0.0
lankao_mc_178,lankao_typical_event_001,灾害冲击,2,6,33.33333333333333,0.0,0.9486122226115438,0.0,1.280367920295251,0.0
lankao_mc_178,lankao_typical_event_001,灾害持续,3,12,100.0,0.0,1.3701383735445611,0.0,12.621945968652588,0.0
lankao_mc_178,lankao_typical_event_001,灾后恢复,4,12,25.0,0.0,0.4460020972347167,0.0,0.7571079608640044,0.0
lankao_mc_179,lankao_typical_event_001,灾前准备,1,6,0.0,0.0,0.0,0.0,0.0,0.0
lankao_mc_179,lankao_typical_event_001,灾害冲击,2,6,33.33333333333333,0.0,1.0042333624840252,0.0,1.4916444294650006,0.0
lankao_mc_179,lankao_typical_event_001,灾害持续,3,12,100.0,0.0,1.7225198587205184,0.0,14.99532689809464,0.0
lankao_mc_179,lankao_typical_event_001,灾后恢复,4,12,41.66666666666667,0.0,0.5654748842068578,0.0,1.1371907195866409,0.0
lankao_mc_180,lankao_typical_event_001,灾前准备,1,6,0.0,0.0,0.0,0.0,0.0,0.0
lankao_mc_180,lankao_typical_event_001,灾害冲击,2,6,50.0,0.0,0.6585418022473347,0.0,1.258520474829175,0.0
lankao_mc_180,lankao_typical_event_001,灾害持续,3,12,100.0,0.0,1.6308213993601837,0.0,13.2055688522406,0.0
lankao_mc_180,lankao_typical_event_001,灾后恢复,4,12,25.0,0.0,0.3858889660138725,0.0,0.6100373726960079,0.0
lankao_mc_181,lankao_typical_event_001,灾前准备,1,6,0.0,0.0,0.0,0.0,0.0,0.0
lankao_mc_181,lankao_typical_event_001,灾害冲击,2,6,33.33333333333333,0.0,1.0791859373904245,0.0,1.5434188321828144,0.0
lankao_mc_181,lankao_typical_event_001,灾害持续,3,12,100.0,0.0,1.610969528449771,0.0,14.864840010252156,0.0
lankao_mc_181,lankao_typical_event_001,灾后恢复,4,12,41.66666666666667,8.333333333333332,0.6584703160747764,0.10706162478919587,1.477551590208162,0.10706162478919587
lankao_mc_182,lankao_typical_event_001,灾前准备,1,6,0.0,0.0,0.0,0.0,0.0,0.0
lankao_mc_182,lankao_typical_event_001,灾害冲击,2,6,33.33333333333333,0.0,0.9889350343843146,0.0,1.2350241805771722,0.0
lankao_mc_182,lankao_typical_event_001,灾害持续,3,12,100.0,0.0,1.5577847942732541,0.0,14.621608136473506,0.0
lankao_mc_182,lankao_typical_event_001,灾后恢复,4,12,58.333333333333336,0.0,0.5727457995785328,0.0,1.5584757541074261,0.0
lankao_mc_183,lankao_typical_event_001,灾前准备,1,6,0.0,0.0,0.0,0.0,0.0,0.0
lankao_mc_183,lankao_typical_event_001,灾害冲击,2,6,50.0,0.0,1.2445747750711755,0.0,2.305336040942454,0.0
lankao_mc_183,lankao_typical_event_001,灾害持续,3,12,100.0,0.0,1.6452870140551479,0.0,15.51385402920657,0.0
lankao_mc_183,lankao_typical_event_001,灾后恢复,4,12,58.333333333333336,0.0,0.5900147046976117,0.0,1.5446615591946546,0.0
lankao_mc_184,lankao_typical_event_001,灾前准备,1,6,0.0,0.0,0.0,0.0,0.0,0.0
lankao_mc_184,lankao_typical_event_001,灾害冲击,2,6,33.33333333333333,0.0,0.640757141824027,0.0,0.7941852550871246,0.0
lankao_mc_184,lankao_typical_event_001,灾害持续,3,12,100.0,0.0,1.6686357924155,0.0,12.913942150401232,0.0
lankao_mc_184,lankao_typical_event_001,灾后恢复,4,12,50.0,0.0,0.3884675173674193,0.0,0.6970343461448193,0.0
lankao_mc_185,lankao_typical_event_001,灾前准备,1,6,0.0,0.0,0.0,0.0,0.0,0.0
lankao_mc_185,lankao_typical_event_001,灾害冲击,2,6,50.0,0.0,1.392884082507488,0.0,2.047362902907258,0.0
lankao_mc_185,lankao_typical_event_001,灾害持续,3,12,100.0,0.0,2.0117720086843947,0.0,18.907124702174105,0.0
lankao_mc_185,lankao_typical_event_001,灾后恢复,4,12,58.333333333333336,0.0,0.7158186646060949,0.0,2.409203276521535,0.0
lankao_mc_186,lankao_typical_event_001,灾前准备,1,6,0.0,0.0,0.0,0.0,0.0,0.0
lankao_mc_186,lankao_typical_event_001,灾害冲击,2,6,16.666666666666664,0.0,0.5984894999026282,0.0,0.5984894999026282,0.0
lankao_mc_186,lankao_typical_event_001,灾害持续,3,12,100.0,0.0,1.199397832005326,0.0,9.901509917836075,0.0
lankao_mc_186,lankao_typical_event_001,灾后恢复,4,12,25.0,8.333333333333332,0.36095406412785713,0.1990319774266536,0.6209723480454024,0.1990319774266536
lankao_mc_187,lankao_typical_event_001,灾前准备,1,6,0.0,0.0,0.0,0.0,0.0,0.0
lankao_mc_187,lankao_typical_event_001,灾害冲击,2,6,33.33333333333333,0.0,1.005362112309872,0.0,1.3792802368914914,0.0
lankao_mc_187,lankao_typical_event_001,灾害持续,3,12,100.0,0.0,1.443612581730123,0.0,12.735179357882965,0.0
lankao_mc_187,lankao_typical_event_001,灾后恢复,4,12,25.0,0.0,0.5460222385866244,0.0,0.9386394648253423,0.0
lankao_mc_188,lankao_typical_event_001,灾前准备,1,6,0.0,0.0,0.0,0.0,0.0,0.0
lankao_mc_188,lankao_typical_event_001,灾害冲击,2,6,33.33333333333333,0.0,0.6815063992659273,0.0,0.7824206773971877,0.0
lankao_mc_188,lankao_typical_event_001,灾害持续,3,12,100.0,0.0,1.3434733626599347,0.0,11.4294907630164,0.0
lankao_mc_188,lankao_typical_event_001,灾后恢复,4,12,50.0,0.0,0.62225265494446,0.0,1.2729030357143916,0.0
lankao_mc_189,lankao_typical_event_001,灾前准备,1,6,0.0,0.0,0.0,0.0,0.0,0.0
lankao_mc_189,lankao_typical_event_001,灾害冲击,2,6,50.0,0.0,1.1257124051893994,0.0,1.7393655124516956,0.0
lankao_mc_189,lankao_typical_event_001,灾害持续,3,12,100.0,0.0,1.687306810217635,0.0,14.921219138862863,0.0
lankao_mc_189,lankao_typical_event_001,灾后恢复,4,12,58.333333333333336,0.0,0.6682125163328355,0.0,2.1359790442920725,0.0
lankao_mc_190,lankao_typical_event_001,灾前准备,1,6,0.0,0.0,0.0,0.0,0.0,0.0
lankao_mc_190,lankao_typical_event_001,灾害冲击,2,6,33.33333333333333,0.0,0.9202828305614892,0.0,1.3032098660369489,0.0
lankao_mc_190,lankao_typical_event_001,灾害持续,3,12,100.0,0.0,1.5165839993144832,0.0,13.165485118196726,0.0
lankao_mc_190,lankao_typical_event_001,灾后恢复,4,12,58.333333333333336,0.0,0.6275960191720732,0.0,1.6150788640600635,0.0
lankao_mc_191,lankao_typical_event_001,灾前准备,1,6,0.0,0.0,0.0,0.0,0.0,0.0
lankao_mc_191,lankao_typical_event_001,灾害冲击,2,6,50.0,0.0,1.0287571025973503,0.0,1.7945998180817802,0.0
lankao_mc_191,lankao_typical_event_001,灾害持续,3,12,100.0,0.0,1.588550708194428,0.0,13.965040583644004,0.0
lankao_mc_191,lankao_typical_event_001,灾后恢复,4,12,58.333333333333336,0.0,0.6071931295397901,0.0,1.4245025223164023,0.0
lankao_mc_192,lankao_typical_event_001,灾前准备,1,6,0.0,0.0,0.0,0.0,0.0,0.0
lankao_mc_192,lankao_typical_event_001,灾害冲击,2,6,50.0,0.0,1.0926529458266054,0.0,1.811298968506288,0.0
lankao_mc_192,lankao_typical_event_001,灾害持续,3,12,100.0,0.0,1.745654436606099,0.0,16.19753875216776,0.0
lankao_mc_192,lankao_typical_event_001,灾后恢复,4,12,50.0,0.0,0.6097903572222363,0.0,1.4435461897517703,0.0
lankao_mc_193,lankao_typical_event_001,灾前准备,1,6,0.0,0.0,0.0,0.0,0.0,0.0
lankao_mc_193,lankao_typical_event_001,灾害冲击,2,6,50.0,0.0,1.170006181475758,0.0,1.936959837865457,0.0
lankao_mc_193,lankao_typical_event_001,灾害持续,3,12,100.0,0.0,1.6932918138700508,0.0,15.777088068913317,0.0
lankao_mc_193,lankao_typical_event_001,灾后恢复,4,12,58.333333333333336,8.333333333333332,0.6984497873321507,0.3522990293076175,2.4061482818842004,0.3522990293076175
lankao_mc_194,lankao_typical_event_001,灾前准备,1,6,0.0,0.0,0.0,0.0,0.0,0.0
lankao_mc_194,lankao_typical_event_001,灾害冲击,2,6,50.0,0.0,1.0147575218993117,0.0,1.6275096171672523,0.0
lankao_mc_194,lankao_typical_event_001,灾害持续,3,12,100.0,0.0,1.473509333901916,0.0,12.677163420217346,0.0
lankao_mc_194,lankao_typical_event_001,灾后恢复,4,12,50.0,0.0,0.5760064280656167,0.0,1.2409896334165031,0.0
lankao_mc_195,lankao_typical_event_001,灾前准备,1,6,0.0,0.0,0.0,0.0,0.0,0.0
lankao_mc_195,lankao_typical_event_001,灾害冲击,2,6,33.33333333333333,0.0,0.8554742747677577,0.0,1.1782814578682843,0.0
lankao_mc_195,lankao_typical_event_001,灾害持续,3,12,100.0,0.0,1.615422077462463,0.0,14.0565305690986,0.0
lankao_mc_195,lankao_typical_event_001,灾后恢复,4,12,25.0,0.0,0.4543582457298174,0.0,0.7150608832009379,0.0
lankao_mc_196,lankao_typical_event_001,灾前准备,1,6,0.0,0.0,0.0,0.0,0.0,0.0
lankao_mc_196,lankao_typical_event_001,灾害冲击,2,6,33.33333333333333,0.0,1.0277261395739805,0.0,1.2736958461121506,0.0
lankao_mc_196,lankao_typical_event_001,灾害持续,3,12,100.0,0.0,1.7449760582592804,0.0,15.67611793421743,0.0
lankao_mc_196,lankao_typical_event_001,灾后恢复,4,12,41.66666666666667,0.0,0.73102935640233,0.0,1.693279435223493,0.0
lankao_mc_197,lankao_typical_event_001,灾前准备,1,6,0.0,0.0,0.0,0.0,0.0,0.0
lankao_mc_197,lankao_typical_event_001,灾害冲击,2,6,50.0,0.0,1.1034442095372698,0.0,1.7667139433836692,0.0
lankao_mc_197,lankao_typical_event_001,灾害持续,3,12,100.0,0.0,1.560609943166328,0.0,13.259277432789993,0.0
lankao_mc_197,lankao_typical_event_001,灾后恢复,4,12,50.0,0.0,0.4806053808428984,0.0,0.917312150614991,0.0
lankao_mc_198,lankao_typical_event_001,灾前准备,1,6,0.0,0.0,0.0,0.0,0.0,0.0
lankao_mc_198,lankao_typical_event_001,灾害冲击,2,6,50.0,0.0,1.1208139993382489,0.0,1.6692263551912059,0.0
lankao_mc_198,lankao_typical_event_001,灾害持续,3,12,100.0,0.0,1.5891239643890402,0.0,13.570339268453695,0.0
lankao_mc_198,lankao_typical_event_001,灾后恢复,4,12,25.0,0.0,0.5360150363036971,0.0,0.9720103397393134,0.0
lankao_mc_199,lankao_typical_event_001,灾前准备,1,6,0.0,0.0,0.0,0.0,0.0,0.0
lankao_mc_199,lankao_typical_event_001,灾害冲击,2,6,50.0,0.0,1.1173119141113625,0.0,1.7507358017183936,0.0
lankao_mc_199,lankao_typical_event_001,灾害持续,3,12,100.0,0.0,1.735587143128892,0.0,14.321396039227322,0.0
lankao_mc_199,lankao_typical_event_001,灾后恢复,4,12,41.66666666666667,0.0,0.5247612004908006,0.0,1.0758869137963245,0.0
lankao_mc_200,lankao_typical_event_001,灾前准备,1,6,0.0,0.0,0.0,0.0,0.0,0.0
lankao_mc_200,lankao_typical_event_001,灾害冲击,2,6,16.666666666666664,0.0,0.61323742611324,0.0,0.61323742611324,0.0
lankao_mc_200,lankao_typical_event_001,灾害持续,3,12,100.0,0.0,1.4459239504114676,0.0,12.118503318267097,0.0
lankao_mc_200,lankao_typical_event_001,灾后恢复,4,12,50.0,0.0,0.5706317409120643,0.0,1.0833973626236193,0.0
